gas_ppm,tilt_deg,vibration_g,label,gas_risk,tilt_risk,vibration_risk,structural_risk,joint_risk
585.9,21.41,0.48,critical,0.732375,0.7136666666666667,0.48,0.5968333333333333,0.6646041666666667
401.0,10.48,0.252,elevated,0.50125,0.34933333333333333,0.252,0.30066666666666664,0.4009583333333333
55.4,1.94,0.07,safe,0.06924999999999999,0.06466666666666666,0.07,0.06733333333333333,0.06829166666666667
613.0,21.03,0.722,critical,0.76625,0.7010000000000001,0.722,0.7115,0.738875
78.6,2.22,0.045,safe,0.09824999999999999,0.07400000000000001,0.045,0.059500000000000004,0.078875
584.2,29.1,0.677,critical,0.7302500000000001,0.9700000000000001,0.677,0.8235000000000001,0.7768750000000001
323.6,7.3,0.174,elevated,0.4045,0.24333333333333332,0.174,0.20866666666666667,0.3065833333333333
675.4,25.09,0.746,critical,0.84425,0.8363333333333334,0.746,0.7911666666666667,0.8177083333333333
370.4,11.18,0.355,elevated,0.46299999999999997,0.37266666666666665,0.355,0.36383333333333334,0.41341666666666665
344.8,8.01,0.326,elevated,0.431,0.267,0.326,0.2965,0.36375
362.8,10.51,0.165,elevated,0.4535,0.35033333333333333,0.165,0.25766666666666665,0.35558333333333336
100.1,2.01,0.08,safe,0.125125,0.06699999999999999,0.08,0.0735,0.0993125
585.4,23.94,0.463,critical,0.73175,0.798,0.463,0.6305000000000001,0.681125
669.7,28.01,0.519,critical,0.837125,0.9336666666666668,0.519,0.7263333333333334,0.7817291666666667
295.7,11.38,0.297,elevated,0.369625,0.37933333333333336,0.297,0.33816666666666667,0.3538958333333333
89.3,14.69,0.354,elevated,0.111625,0.48966666666666664,0.354,0.4218333333333333,0.26672916666666663
81.7,2.87,0.028,safe,0.10212500000000001,0.09566666666666666,0.028,0.06183333333333333,0.08197916666666667
338.8,14.47,0.332,elevated,0.4235,0.48233333333333334,0.332,0.4071666666666667,0.41533333333333333
396.8,12.58,0.248,elevated,0.496,0.41933333333333334,0.248,0.33366666666666667,0.41483333333333333
588.2,31.7,0.449,critical,0.7352500000000001,1.0,0.449,0.7245,0.729875
673.9,23.91,0.553,critical,0.842375,0.797,0.553,0.675,0.7586875
753.3,20.13,0.486,critical,0.9416249999999999,0.6709999999999999,0.486,0.5785,0.7600625
643.9,19.59,0.627,critical,0.804875,0.653,0.627,0.64,0.7224375000000001
687.0,17.24,0.508,critical,0.85875,0.5746666666666667,0.508,0.5413333333333333,0.7000416666666667
591.7,34.2,0.395,critical,0.7396250000000001,1.0,0.395,0.6975,0.7185625
576.6,4.57,0.049,elevated,0.72075,0.15233333333333335,0.049,0.10066666666666668,0.41070833333333334
326.9,9.83,0.228,elevated,0.40862499999999996,0.32766666666666666,0.228,0.2778333333333333,0.34322916666666664
294.3,9.12,0.243,elevated,0.367875,0.304,0.243,0.27349999999999997,0.3206875
702.1,32.41,0.461,critical,0.877625,1.0,0.461,0.7305,0.8040625
636.3,16.88,0.466,critical,0.7953749999999999,0.5626666666666666,0.466,0.5143333333333333,0.6548541666666666
51.5,4.09,0.077,safe,0.064375,0.13633333333333333,0.077,0.10666666666666666,0.08552083333333332
68.0,1.99,0.016,safe,0.085,0.06633333333333333,0.016,0.041166666666666664,0.06308333333333334
335.8,11.47,0.326,elevated,0.41975,0.38233333333333336,0.326,0.3541666666666667,0.38695833333333335
327.2,8.25,0.226,elevated,0.409,0.275,0.226,0.2505,0.32975
70.3,2.1,0.052,safe,0.087875,0.07,0.052,0.061,0.07443749999999999
364.7,11.31,0.244,elevated,0.455875,0.377,0.244,0.3105,0.3831875
69.4,2.95,0.064,safe,0.08675000000000001,0.09833333333333334,0.064,0.08116666666666666,0.08395833333333333
273.2,7.49,0.168,elevated,0.34149999999999997,0.24966666666666668,0.168,0.20883333333333334,0.27516666666666667
342.1,12.2,0.387,elevated,0.42762500000000003,0.4066666666666666,0.387,0.3968333333333333,0.41222916666666665
530.6,23.12,0.397,critical,0.66325,0.7706666666666667,0.397,0.5838333333333334,0.6235416666666667
333.0,5.42,0.276,elevated,0.41625,0.18066666666666667,0.276,0.22833333333333333,0.32229166666666664
609.1,27.53,0.567,critical,0.761375,0.9176666666666667,0.567,0.7423333333333333,0.7518541666666667
289.6,11.2,0.176,elevated,0.36200000000000004,0.3733333333333333,0.176,0.2746666666666666,0.31833333333333336
95.2,2.76,0.02,safe,0.11900000000000001,0.092,0.02,0.056,0.08750000000000001
83.5,1.86,0.085,safe,0.104375,0.062000000000000006,0.085,0.07350000000000001,0.0889375
648.1,18.48,0.993,critical,0.810125,0.616,0.993,0.8045,0.8073125
353.0,5.55,0.284,elevated,0.44125,0.185,0.284,0.2345,0.337875
82.3,2.34,0.101,safe,0.102875,0.078,0.101,0.0895,0.0961875
259.1,11.83,0.15,elevated,0.323875,0.3943333333333333,0.15,0.27216666666666667,0.29802083333333335
322.6,9.56,0.373,elevated,0.40325000000000005,0.3186666666666667,0.373,0.3458333333333333,0.37454166666666666
84.3,0.34,0.032,safe,0.105375,0.011333333333333334,0.032,0.021666666666666667,0.06352083333333333
606.4,37.15,0.526,critical,0.758,1.0,0.526,0.763,0.7605
83.9,1.44,0.024,safe,0.10487500000000001,0.048,0.024,0.036000000000000004,0.07043750000000001
590.4,17.49,0.47,critical,0.738,0.583,0.47,0.5265,0.63225
281.5,6.27,0.159,elevated,0.351875,0.209,0.159,0.184,0.2679375
78.8,4.08,0.02,safe,0.09849999999999999,0.136,0.02,0.078,0.08825
220.0,17.67,0.259,elevated,0.275,0.5890000000000001,0.259,0.42400000000000004,0.34950000000000003
99.5,1.17,0.047,safe,0.124375,0.039,0.047,0.043,0.0836875
333.8,11.18,0.236,elevated,0.41725,0.37266666666666665,0.236,0.30433333333333334,0.3607916666666667
64.3,3.63,0.055,safe,0.080375,0.121,0.055,0.088,0.0841875
85.9,0.29,0.057,safe,0.10737500000000001,0.009666666666666665,0.057,0.03333333333333333,0.07035416666666668
98.0,1.73,0.047,safe,0.1225,0.057666666666666665,0.047,0.05233333333333333,0.08741666666666667
506.2,3.62,0.066,elevated,0.63275,0.12066666666666667,0.066,0.09333333333333334,0.3630416666666667
324.0,9.36,0.199,elevated,0.405,0.312,0.199,0.2555,0.33025000000000004
95.5,1.58,0.063,safe,0.119375,0.05266666666666667,0.063,0.057833333333333334,0.08860416666666666
755.6,9.37,0.649,critical,0.9445,0.3123333333333333,0.649,0.4806666666666667,0.7125833333333333
86.3,17.91,0.455,elevated,0.107875,0.597,0.455,0.526,0.3169375
87.2,2.02,0.075,safe,0.109,0.06733333333333333,0.075,0.07116666666666666,0.09008333333333332
724.8,21.11,1.048,critical,0.9059999999999999,0.7036666666666667,1.0,0.8518333333333333,0.8789166666666666
429.8,15.25,0.368,elevated,0.53725,0.5083333333333333,0.368,0.43816666666666665,0.4877083333333333
356.4,12.8,0.133,elevated,0.44549999999999995,0.4266666666666667,0.133,0.2798333333333334,0.3626666666666667
68.0,2.77,0.054,safe,0.085,0.09233333333333334,0.054,0.07316666666666667,0.07908333333333334
647.4,11.73,0.518,critical,0.80925,0.391,0.518,0.4545,0.631875
602.6,22.42,0.604,critical,0.75325,0.7473333333333334,0.604,0.6756666666666666,0.7144583333333333
75.1,1.47,0.037,safe,0.09387499999999999,0.049,0.037,0.043,0.06843749999999998
56.1,2.4,0.039,safe,0.070125,0.08,0.039,0.0595,0.0648125
743.8,30.33,0.791,critical,0.92975,1.0,0.791,0.8955,0.912625
85.5,3.64,0.062,safe,0.106875,0.12133333333333333,0.062,0.09166666666666667,0.09927083333333334
306.3,8.34,0.1,elevated,0.382875,0.27799999999999997,0.1,0.189,0.2859375
651.9,29.31,0.55,critical,0.814875,0.977,0.55,0.7635000000000001,0.7891875
656.0,27.64,0.706,critical,0.82,0.9213333333333333,0.706,0.8136666666666666,0.8168333333333333
672.3,26.19,0.739,critical,0.840375,0.873,0.739,0.806,0.8231875
582.5,31.31,0.319,critical,0.728125,1.0,0.319,0.6595,0.6938124999999999
619.2,26.5,0.422,critical,0.774,0.8833333333333333,0.422,0.6526666666666666,0.7133333333333334
636.6,18.33,0.611,critical,0.7957500000000001,0.611,0.611,0.611,0.7033750000000001
617.2,29.16,0.602,critical,0.7715000000000001,0.972,0.602,0.7869999999999999,0.77925
629.1,26.11,0.818,critical,0.786375,0.8703333333333333,0.818,0.8441666666666666,0.8152708333333334
73.5,16.5,0.42,elevated,0.091875,0.55,0.42,0.485,0.2884375
315.0,7.84,0.193,elevated,0.39375,0.2613333333333333,0.193,0.22716666666666666,0.31045833333333334
98.3,2.34,0.045,safe,0.122875,0.078,0.045,0.0615,0.0921875
89.2,0.0,0.086,safe,0.1115,0.0,0.086,0.043,0.07725
333.1,13.63,0.186,elevated,0.41637500000000005,0.45433333333333337,0.186,0.3201666666666667,0.3682708333333334
68.2,2.48,0.071,safe,0.08525,0.08266666666666667,0.071,0.07683333333333334,0.08104166666666668
91.4,2.27,0.046,safe,0.11425,0.07566666666666667,0.046,0.060833333333333336,0.08754166666666667
776.2,34.07,0.318,critical,0.9702500000000001,1.0,0.318,0.659,0.814625
361.8,13.91,0.213,elevated,0.45225000000000004,0.46366666666666667,0.213,0.3383333333333333,0.3952916666666667
311.8,11.62,0.056,elevated,0.38975000000000004,0.3873333333333333,0.056,0.22166666666666665,0.30570833333333336
321.1,12.5,0.234,elevated,0.40137500000000004,0.4166666666666667,0.234,0.32533333333333336,0.3633541666666667
126.2,11.61,0.289,elevated,0.15775,0.38699999999999996,0.289,0.33799999999999997,0.24787499999999998
731.8,25.42,0.799,critical,0.91475,0.8473333333333334,0.799,0.8231666666666667,0.8689583333333333
428.5,11.46,0.197,elevated,0.535625,0.382,0.197,0.2895,0.4125625
469.9,22.18,0.581,critical,0.587375,0.7393333333333333,0.581,0.6601666666666666,0.6237708333333333
646.7,17.57,0.534,critical,0.8083750000000001,0.5856666666666667,0.534,0.5598333333333334,0.6841041666666667
873.1,28.63,0.682,critical,1.0,0.9543333333333333,0.682,0.8181666666666667,0.9090833333333334
697.6,15.89,0.63,critical,0.872,0.5296666666666667,0.63,0.5798333333333334,0.7259166666666668
475.7,2.8,0.049,elevated,0.594625,0.09333333333333332,0.049,0.07116666666666666,0.3328958333333333
82.3,29.78,0.518,elevated,0.102875,0.9926666666666667,0.518,0.7553333333333334,0.42910416666666673
363.0,11.52,0.215,elevated,0.45375,0.384,0.215,0.2995,0.376625
98.6,1.0,0.051,safe,0.12325,0.03333333333333333,0.051,0.042166666666666665,0.08270833333333333
371.4,9.25,0.166,elevated,0.46425,0.30833333333333335,0.166,0.2371666666666667,0.35070833333333334
678.0,34.2,0.729,critical,0.8475,1.0,0.729,0.8645,0.8560000000000001
56.0,0.0,0.053,safe,0.07,0.0,0.053,0.0265,0.04825
79.3,3.45,0.043,safe,0.09912499999999999,0.115,0.043,0.079,0.08906249999999999
112.6,0.0,0.056,safe,0.14075,0.0,0.056,0.028,0.08437499999999999
50.4,1.53,0.045,safe,0.063,0.051000000000000004,0.045,0.048,0.0555
95.8,4.06,0.056,safe,0.11975,0.13533333333333333,0.056,0.09566666666666666,0.10770833333333332
302.8,10.12,0.214,elevated,0.3785,0.3373333333333333,0.214,0.27566666666666667,0.32708333333333334
560.9,21.92,0.641,critical,0.701125,0.7306666666666667,0.641,0.6858333333333333,0.6934791666666666
789.2,22.75,0.513,critical,0.9865,0.7583333333333333,0.513,0.6356666666666666,0.8110833333333334
55.0,1.59,0.042,safe,0.06875,0.053000000000000005,0.042,0.0475,0.058125
240.6,10.67,0.257,elevated,0.30075,0.3556666666666667,0.257,0.30633333333333335,0.3035416666666667
319.3,10.92,0.232,elevated,0.399125,0.364,0.232,0.298,0.3485625
342.5,7.24,0.321,elevated,0.428125,0.24133333333333334,0.321,0.2811666666666667,0.3546458333333333
483.8,18.91,0.733,critical,0.60475,0.6303333333333333,0.733,0.6816666666666666,0.6432083333333334
157.1,1.17,0.032,safe,0.196375,0.039,0.032,0.035500000000000004,0.1159375
326.4,7.59,0.213,elevated,0.408,0.253,0.213,0.23299999999999998,0.3205
665.5,22.65,0.735,critical,0.831875,0.755,0.735,0.745,0.7884375
732.9,29.0,0.69,critical,0.916125,0.9666666666666667,0.69,0.8283333333333334,0.8722291666666666
687.7,19.61,0.393,critical,0.8596250000000001,0.6536666666666666,0.393,0.5233333333333333,0.6914791666666666
57.1,0.62,0.051,safe,0.07137500000000001,0.020666666666666667,0.051,0.03583333333333333,0.05360416666666667
344.0,8.9,0.26,elevated,0.43,0.2966666666666667,0.26,0.2783333333333333,0.35416666666666663
447.1,3.9,0.067,elevated,0.558875,0.13,0.067,0.0985,0.3286875
298.5,8.36,0.263,elevated,0.373125,0.2786666666666667,0.263,0.27083333333333337,0.3219791666666667
93.2,1.58,0.039,safe,0.1165,0.05266666666666667,0.039,0.04583333333333334,0.08116666666666666
70.4,2.52,0.039,safe,0.08800000000000001,0.084,0.039,0.0615,0.07475000000000001
388.6,5.9,0.345,elevated,0.48575,0.19666666666666668,0.345,0.2708333333333333,0.3782916666666667
298.5,9.79,0.324,elevated,0.373125,0.3263333333333333,0.324,0.32516666666666666,0.3491458333333333
347.1,10.4,0.266,elevated,0.433875,0.3466666666666667,0.266,0.30633333333333335,0.3701041666666667
258.0,11.24,0.173,elevated,0.3225,0.37466666666666665,0.173,0.2738333333333333,0.2981666666666667
355.1,15.18,0.13,elevated,0.443875,0.506,0.13,0.318,0.38093750000000004
56.2,1.45,0.033,safe,0.07025,0.04833333333333333,0.033,0.04066666666666667,0.05545833333333334
249.2,10.06,0.33,elevated,0.3115,0.33533333333333337,0.33,0.33266666666666667,0.32208333333333333
676.7,19.6,0.405,critical,0.845875,0.6533333333333334,0.405,0.5291666666666668,0.6875208333333334
81.2,1.12,0.051,safe,0.1015,0.037333333333333336,0.051,0.04416666666666667,0.07283333333333333
436.4,30.32,0.205,critical,0.5455,1.0,0.205,0.6025,0.5740000000000001
41.6,2.71,0.054,safe,0.052000000000000005,0.09033333333333333,0.054,0.07216666666666667,0.06208333333333334
628.9,9.63,0.659,critical,0.786125,0.321,0.659,0.49,0.6380625
93.3,18.65,0.476,elevated,0.11662499999999999,0.6216666666666666,0.476,0.5488333333333333,0.33272916666666663
604.7,30.34,0.714,critical,0.7558750000000001,1.0,0.714,0.857,0.8064375
92.6,2.38,0.034,safe,0.11574999999999999,0.07933333333333333,0.034,0.056666666666666664,0.08620833333333333
367.0,6.37,0.279,elevated,0.45875,0.21233333333333335,0.279,0.2456666666666667,0.35220833333333335
213.6,11.76,0.29,elevated,0.267,0.392,0.29,0.34099999999999997,0.304
242.0,12.12,0.169,elevated,0.3025,0.40399999999999997,0.169,0.2865,0.2945
341.9,11.61,0.211,elevated,0.42737499999999995,0.38699999999999996,0.211,0.299,0.3631875
739.7,18.99,0.462,critical,0.924625,0.6329999999999999,0.462,0.5475,0.7360625000000001
327.4,11.26,0.186,elevated,0.40924999999999995,0.37533333333333335,0.186,0.2806666666666667,0.3449583333333333
75.5,1.24,0.061,safe,0.094375,0.04133333333333333,0.061,0.051166666666666666,0.07277083333333334
73.6,0.62,0.07,safe,0.092,0.020666666666666667,0.07,0.04533333333333334,0.06866666666666667
323.7,4.59,0.276,elevated,0.404625,0.153,0.276,0.21450000000000002,0.3095625
291.0,10.54,0.256,elevated,0.36375,0.35133333333333333,0.256,0.30366666666666664,0.33370833333333333
335.7,6.41,0.26,elevated,0.41962499999999997,0.21366666666666667,0.26,0.23683333333333334,0.3282291666666667
914.4,17.73,0.537,critical,1.0,0.591,0.537,0.5640000000000001,0.782
336.8,6.37,0.255,elevated,0.42100000000000004,0.21233333333333335,0.255,0.2336666666666667,0.32733333333333337
300.9,8.05,0.269,elevated,0.376125,0.26833333333333337,0.269,0.2686666666666667,0.3223958333333333
669.4,27.45,0.683,critical,0.83675,0.9149999999999999,0.683,0.7989999999999999,0.8178749999999999
285.5,10.99,0.242,elevated,0.356875,0.36633333333333334,0.242,0.3041666666666667,0.3305208333333334
666.0,23.66,0.525,critical,0.8325,0.7886666666666666,0.525,0.6568333333333334,0.7446666666666667
459.1,4.76,0.072,elevated,0.573875,0.15866666666666665,0.072,0.11533333333333332,0.34460416666666666
278.3,13.59,0.354,elevated,0.347875,0.453,0.354,0.40349999999999997,0.37568749999999995
81.8,4.19,0.069,safe,0.10225,0.1396666666666667,0.069,0.10433333333333335,0.10329166666666667
74.2,2.63,0.072,safe,0.09275,0.08766666666666666,0.072,0.07983333333333333,0.08629166666666666
526.6,23.92,0.899,critical,0.65825,0.7973333333333333,0.899,0.8481666666666667,0.7532083333333334
92.7,2.05,0.055,safe,0.115875,0.06833333333333333,0.055,0.06166666666666666,0.08877083333333333
489.2,23.08,0.698,critical,0.6114999999999999,0.7693333333333333,0.698,0.7336666666666667,0.6725833333333333
673.3,25.12,0.447,critical,0.841625,0.8373333333333334,0.447,0.6421666666666667,0.7418958333333333
88.3,1.78,0.036,safe,0.110375,0.059333333333333335,0.036,0.04766666666666666,0.07902083333333333
170.8,15.11,0.304,elevated,0.21350000000000002,0.5036666666666666,0.304,0.40383333333333327,0.30866666666666664
571.2,22.38,0.613,critical,0.7140000000000001,0.746,0.613,0.6795,0.69675
107.1,1.6,0.052,safe,0.133875,0.05333333333333334,0.052,0.05266666666666667,0.09327083333333333
106.1,1.97,0.024,safe,0.132625,0.06566666666666666,0.024,0.044833333333333336,0.08872916666666666
93.0,1.09,0.054,safe,0.11625,0.036333333333333336,0.054,0.04516666666666667,0.08070833333333334
154.6,11.18,0.343,elevated,0.19325,0.37266666666666665,0.343,0.35783333333333334,0.2755416666666667
87.1,3.04,0.078,safe,0.108875,0.10133333333333333,0.078,0.08966666666666667,0.09927083333333334
530.6,25.13,0.59,critical,0.66325,0.8376666666666667,0.59,0.7138333333333333,0.6885416666666666
386.4,5.76,0.227,elevated,0.483,0.192,0.227,0.20950000000000002,0.34625
226.5,8.16,0.174,elevated,0.283125,0.272,0.174,0.223,0.2530625
671.0,29.17,0.534,critical,0.83875,0.9723333333333334,0.534,0.7531666666666668,0.7959583333333333
710.1,19.26,0.555,critical,0.887625,0.642,0.555,0.5985,0.7430625
77.0,1.54,0.062,safe,0.09625,0.051333333333333335,0.062,0.05666666666666667,0.07645833333333334
44.7,1.79,0.064,safe,0.055875,0.059666666666666666,0.064,0.06183333333333334,0.058854166666666666
700.1,22.29,0.562,critical,0.875125,0.743,0.562,0.6525000000000001,0.7638125
578.1,19.03,0.651,critical,0.7226250000000001,0.6343333333333334,0.651,0.6426666666666667,0.6826458333333334
382.8,9.33,0.457,elevated,0.47850000000000004,0.311,0.457,0.384,0.43125
412.9,5.89,0.109,elevated,0.516125,0.19633333333333333,0.109,0.15266666666666667,0.33439583333333334
527.9,20.45,0.647,critical,0.659875,0.6816666666666666,0.647,0.6643333333333333,0.6621041666666667
318.2,16.17,0.207,elevated,0.39775,0.539,0.207,0.373,0.385375
279.0,8.54,0.248,elevated,0.34875,0.2846666666666666,0.248,0.2663333333333333,0.30754166666666666
108.3,19.52,0.47,elevated,0.135375,0.6506666666666666,0.47,0.5603333333333333,0.3478541666666667
762.7,17.45,0.606,critical,0.9533750000000001,0.5816666666666667,0.606,0.5938333333333333,0.7736041666666666
241.9,13.79,0.357,elevated,0.302375,0.4596666666666666,0.357,0.4083333333333333,0.35535416666666664
58.8,1.32,0.041,safe,0.0735,0.044000000000000004,0.041,0.0425,0.057999999999999996
117.0,1.1,0.081,safe,0.14625,0.03666666666666667,0.081,0.058833333333333335,0.10254166666666667
603.5,13.18,0.683,critical,0.754375,0.4393333333333333,0.683,0.5611666666666667,0.6577708333333334
84.3,2.08,0.055,safe,0.105375,0.06933333333333333,0.055,0.06216666666666666,0.08377083333333332
531.3,3.2,0.071,elevated,0.664125,0.10666666666666667,0.071,0.08883333333333333,0.37647916666666664
85.5,15.27,0.548,elevated,0.106875,0.509,0.548,0.5285,0.3176875
83.7,1.62,0.03,safe,0.10462500000000001,0.054000000000000006,0.03,0.042,0.0733125
218.4,7.89,0.306,elevated,0.273,0.263,0.306,0.2845,0.27875
773.9,22.68,0.705,critical,0.967375,0.756,0.705,0.7304999999999999,0.8489374999999999
75.8,2.07,0.066,safe,0.09475,0.06899999999999999,0.066,0.0675,0.081125
78.5,2.51,0.084,safe,0.098125,0.08366666666666665,0.084,0.08383333333333333,0.09097916666666667
420.4,24.71,0.71,critical,0.5255,0.8236666666666667,0.71,0.7668333333333333,0.6461666666666666
74.0,2.18,0.085,safe,0.0925,0.07266666666666667,0.085,0.07883333333333334,0.08566666666666667
736.2,19.11,0.784,critical,0.92025,0.637,0.784,0.7105,0.815375
650.1,19.22,0.702,critical,0.812625,0.6406666666666666,0.702,0.6713333333333333,0.7419791666666666
109.6,0.0,0.04,safe,0.13699999999999998,0.0,0.04,0.02,0.07849999999999999
444.2,10.17,0.277,elevated,0.55525,0.339,0.277,0.30800000000000005,0.43162500000000004
393.9,12.89,0.211,elevated,0.49237499999999995,0.4296666666666667,0.211,0.32033333333333336,0.4063541666666667
410.8,8.05,0.202,elevated,0.5135000000000001,0.26833333333333337,0.202,0.2351666666666667,0.3743333333333334
722.5,29.7,0.402,critical,0.903125,0.99,0.402,0.696,0.7995625
512.5,0.47,0.05,elevated,0.640625,0.015666666666666666,0.05,0.03283333333333333,0.3367291666666667
286.7,6.69,0.184,elevated,0.358375,0.223,0.184,0.20350000000000001,0.2809375
93.0,2.75,0.067,safe,0.11625,0.09166666666666666,0.067,0.07933333333333334,0.09779166666666667
71.6,1.4,0.071,safe,0.0895,0.04666666666666666,0.071,0.05883333333333333,0.07416666666666666
780.4,34.48,0.73,critical,0.9754999999999999,1.0,0.73,0.865,0.92025
81.2,16.42,0.391,elevated,0.1015,0.5473333333333333,0.391,0.4691666666666667,0.2853333333333333
61.5,2.29,0.054,safe,0.076875,0.07633333333333334,0.054,0.06516666666666666,0.07102083333333334
90.3,2.05,0.075,safe,0.112875,0.06833333333333333,0.075,0.07166666666666666,0.09227083333333333
81.9,19.15,0.479,elevated,0.10237500000000001,0.6383333333333333,0.479,0.5586666666666666,0.3305208333333333
75.3,2.12,0.088,safe,0.094125,0.07066666666666667,0.088,0.07933333333333334,0.08672916666666666
100.6,1.98,0.101,safe,0.12575,0.066,0.101,0.0835,0.104625
435.1,11.14,0.326,elevated,0.543875,0.37133333333333335,0.326,0.3486666666666667,0.44627083333333334
619.6,16.8,0.755,critical,0.7745000000000001,0.56,0.755,0.6575,0.716
325.5,9.54,0.342,elevated,0.406875,0.31799999999999995,0.342,0.32999999999999996,0.3684375
756.0,30.34,0.855,critical,0.945,1.0,0.855,0.9275,0.93625
85.2,3.35,0.025,safe,0.1065,0.11166666666666666,0.025,0.06833333333333333,0.08741666666666667
204.4,14.63,0.267,elevated,0.2555,0.4876666666666667,0.267,0.37733333333333335,0.3164166666666667
52.4,1.35,0.041,safe,0.0655,0.045000000000000005,0.041,0.043000000000000003,0.05425000000000001
49.6,2.34,0.078,safe,0.062,0.078,0.078,0.078,0.07
694.2,28.28,0.677,critical,0.86775,0.9426666666666667,0.677,0.8098333333333334,0.8387916666666667
85.8,16.41,0.396,elevated,0.10725,0.547,0.396,0.47150000000000003,0.289375
85.9,16.25,0.461,elevated,0.10737500000000001,0.5416666666666666,0.461,0.5013333333333333,0.30435416666666665
515.4,32.27,0.501,critical,0.64425,1.0,0.501,0.7505,0.697375
732.5,31.36,0.464,critical,0.915625,1.0,0.464,0.732,0.8238125000000001
82.2,0.79,0.04,safe,0.10275000000000001,0.026333333333333334,0.04,0.033166666666666664,0.06795833333333334
63.8,1.24,0.026,safe,0.07975,0.04133333333333333,0.026,0.033666666666666664,0.05670833333333333
70.7,1.78,0.063,safe,0.08837500000000001,0.059333333333333335,0.063,0.06116666666666667,0.07477083333333334
659.3,26.46,0.703,critical,0.824125,0.882,0.703,0.7925,0.8083125
205.4,12.8,0.329,elevated,0.25675000000000003,0.4266666666666667,0.329,0.37783333333333335,0.3172916666666667
363.0,13.26,0.276,elevated,0.45375,0.442,0.276,0.359,0.406375
379.7,10.23,0.19,elevated,0.47462499999999996,0.341,0.19,0.2655,0.37006249999999996
369.6,7.2,0.21,elevated,0.462,0.24000000000000002,0.21,0.225,0.3435
285.4,9.5,0.314,elevated,0.35674999999999996,0.31666666666666665,0.314,0.31533333333333335,0.3360416666666667
325.8,10.9,0.345,elevated,0.40725,0.36333333333333334,0.345,0.35416666666666663,0.3807083333333333
66.9,1.8,0.099,safe,0.083625,0.060000000000000005,0.099,0.0795,0.08156250000000001
102.9,3.18,0.043,safe,0.12862500000000002,0.10600000000000001,0.043,0.07450000000000001,0.10156250000000001
208.5,10.1,0.17,elevated,0.260625,0.33666666666666667,0.17,0.25333333333333335,0.25697916666666665
54.8,2.09,0.038,safe,0.06849999999999999,0.06966666666666667,0.038,0.05383333333333333,0.06116666666666666
271.9,8.67,0.317,elevated,0.339875,0.289,0.317,0.303,0.3214375
336.8,5.73,0.304,elevated,0.42100000000000004,0.191,0.304,0.2475,0.33425000000000005
62.3,0.96,0.049,safe,0.077875,0.032,0.049,0.0405,0.059187500000000004
319.2,10.55,0.304,elevated,0.39899999999999997,0.3516666666666667,0.304,0.3278333333333333,0.3634166666666666
87.1,1.4,0.027,safe,0.108875,0.04666666666666666,0.027,0.03683333333333333,0.07285416666666666
238.6,11.8,0.318,elevated,0.29825,0.39333333333333337,0.318,0.3556666666666667,0.32695833333333335
315.6,12.28,0.222,elevated,0.3945,0.4093333333333333,0.222,0.31566666666666665,0.3550833333333333
627.5,24.88,0.566,critical,0.784375,0.8293333333333333,0.566,0.6976666666666667,0.7410208333333334
97.0,1.42,0.046,safe,0.12125,0.04733333333333333,0.046,0.04666666666666666,0.08395833333333333
213.1,9.74,0.276,elevated,0.266375,0.32466666666666666,0.276,0.30033333333333334,0.2833541666666667
102.7,1.95,0.041,safe,0.12837500000000002,0.065,0.041,0.053000000000000005,0.0906875
639.3,19.26,0.437,critical,0.799125,0.642,0.437,0.5395,0.6693125
329.7,16.5,0.318,elevated,0.41212499999999996,0.55,0.318,0.43400000000000005,0.4230625
552.3,2.7,0.053,elevated,0.690375,0.09000000000000001,0.053,0.07150000000000001,0.3809375
58.4,2.05,0.04,safe,0.073,0.06833333333333333,0.04,0.05416666666666667,0.06358333333333333
737.4,25.86,0.734,critical,0.92175,0.862,0.734,0.798,0.859875
238.4,10.93,0.297,elevated,0.298,0.36433333333333334,0.297,0.33066666666666666,0.31433333333333335
512.0,20.93,0.658,critical,0.64,0.6976666666666667,0.658,0.6778333333333333,0.6589166666666666
390.0,8.18,0.33,elevated,0.4875,0.27266666666666667,0.33,0.30133333333333334,0.39441666666666664
307.7,13.27,0.314,elevated,0.384625,0.4423333333333333,0.314,0.37816666666666665,0.3813958333333333
339.0,8.25,0.383,elevated,0.42375,0.275,0.383,0.329,0.376375
319.7,9.17,0.397,elevated,0.399625,0.30566666666666664,0.397,0.35133333333333333,0.3754791666666667
96.3,1.56,0.074,safe,0.120375,0.052000000000000005,0.074,0.063,0.0916875
579.2,19.78,0.518,critical,0.7240000000000001,0.6593333333333333,0.518,0.5886666666666667,0.6563333333333334
95.3,1.41,0.025,safe,0.119125,0.047,0.025,0.036000000000000004,0.0775625
65.7,1.21,0.103,safe,0.082125,0.04033333333333333,0.103,0.07166666666666666,0.07689583333333333
325.3,12.45,0.222,elevated,0.406625,0.415,0.222,0.3185,0.3625625
567.8,12.08,0.437,critical,0.70975,0.4026666666666667,0.437,0.41983333333333334,0.5647916666666667
686.2,21.56,0.545,critical,0.85775,0.7186666666666667,0.545,0.6318333333333334,0.7447916666666667
598.1,3.25,0.058,elevated,0.747625,0.10833333333333334,0.058,0.08316666666666667,0.4153958333333333
406.1,21.79,0.727,critical,0.507625,0.7263333333333333,0.727,0.7266666666666666,0.6171458333333333
745.3,22.21,0.764,critical,0.9316249999999999,0.7403333333333334,0.764,0.7521666666666667,0.8418958333333333
963.8,22.48,0.601,critical,1.0,0.7493333333333333,0.601,0.6751666666666667,0.8375833333333333
561.5,2.79,0.058,elevated,0.701875,0.093,0.058,0.0755,0.3886875
395.0,2.55,0.043,elevated,0.49375,0.08499999999999999,0.043,0.064,0.278875
239.9,10.25,0.061,elevated,0.299875,0.3416666666666667,0.061,0.20133333333333334,0.2506041666666667
568.1,26.57,0.728,critical,0.710125,0.8856666666666667,0.728,0.8068333333333333,0.7584791666666666
481.7,37.14,0.399,critical,0.602125,1.0,0.399,0.6995,0.6508125
180.1,7.09,0.196,elevated,0.225125,0.23633333333333334,0.196,0.21616666666666667,0.22064583333333332
647.3,27.51,0.509,critical,0.809125,0.917,0.509,0.7130000000000001,0.7610625
309.0,8.07,0.207,elevated,0.38625,0.269,0.207,0.238,0.312125
65.7,2.26,0.042,safe,0.082125,0.07533333333333332,0.042,0.05866666666666666,0.07039583333333332
168.1,17.74,0.238,elevated,0.210125,0.5913333333333333,0.238,0.41466666666666663,0.3123958333333333
595.7,26.6,0.649,critical,0.7446250000000001,0.8866666666666667,0.649,0.7678333333333334,0.7562291666666667
99.1,1.76,0.079,safe,0.123875,0.058666666666666666,0.079,0.06883333333333333,0.09635416666666666
40.2,1.19,0.075,safe,0.05025,0.03966666666666666,0.075,0.05733333333333333,0.05379166666666667
90.4,1.49,0.038,safe,0.113,0.049666666666666665,0.038,0.043833333333333335,0.07841666666666666
301.7,10.37,0.185,elevated,0.377125,0.3456666666666666,0.185,0.2653333333333333,0.3212291666666667
123.3,18.88,0.408,elevated,0.15412499999999998,0.6293333333333333,0.408,0.5186666666666666,0.3363958333333333
424.6,8.18,0.276,elevated,0.53075,0.27266666666666667,0.276,0.2743333333333333,0.4025416666666667
303.1,10.41,0.142,elevated,0.378875,0.34700000000000003,0.142,0.2445,0.3116875
368.9,10.36,0.08,elevated,0.46112499999999995,0.3453333333333333,0.08,0.21266666666666667,0.3368958333333333
311.6,16.44,0.398,elevated,0.3895,0.548,0.398,0.47300000000000003,0.43125
89.5,2.72,0.016,safe,0.111875,0.09066666666666667,0.016,0.05333333333333334,0.08260416666666667
720.8,20.15,0.609,critical,0.9009999999999999,0.6716666666666666,0.609,0.6403333333333333,0.7706666666666666
313.1,7.92,0.235,elevated,0.39137500000000003,0.264,0.235,0.2495,0.32043750000000004
298.8,16.18,0.224,elevated,0.3735,0.5393333333333333,0.224,0.38166666666666665,0.3775833333333333
107.7,17.14,0.269,elevated,0.134625,0.5713333333333334,0.269,0.4201666666666667,0.27739583333333334
89.9,1.17,0.065,safe,0.112375,0.039,0.065,0.052000000000000005,0.0821875
336.5,7.98,0.371,elevated,0.420625,0.266,0.371,0.3185,0.3695625
639.0,16.82,0.817,critical,0.79875,0.5606666666666666,0.817,0.6888333333333333,0.7437916666666666
198.4,9.64,0.201,elevated,0.248,0.32133333333333336,0.201,0.26116666666666666,0.25458333333333333
584.3,2.25,0.047,elevated,0.730375,0.075,0.047,0.061,0.39568749999999997
338.3,8.91,0.309,elevated,0.422875,0.297,0.309,0.303,0.3629375
507.2,3.24,0.045,elevated,0.634,0.10800000000000001,0.045,0.07650000000000001,0.35525
224.9,4.02,0.18,elevated,0.281125,0.13399999999999998,0.18,0.15699999999999997,0.2190625
78.5,0.48,0.063,safe,0.098125,0.016,0.063,0.0395,0.0688125
123.8,3.37,0.046,safe,0.15475,0.11233333333333334,0.046,0.07916666666666666,0.11695833333333333
678.7,28.55,0.574,critical,0.8483750000000001,0.9516666666666667,0.574,0.7628333333333333,0.8056041666666667
265.7,10.8,0.252,elevated,0.332125,0.36000000000000004,0.252,0.30600000000000005,0.3190625
594.9,25.2,0.65,critical,0.743625,0.84,0.65,0.745,0.7443124999999999
81.9,1.1,0.043,safe,0.10237500000000001,0.03666666666666667,0.043,0.03983333333333333,0.07110416666666666
597.7,3.63,0.064,elevated,0.747125,0.121,0.064,0.0925,0.41981250000000003
62.9,1.04,0.023,safe,0.078625,0.034666666666666665,0.023,0.028833333333333332,0.05372916666666667
60.4,2.83,0.049,safe,0.0755,0.09433333333333334,0.049,0.07166666666666667,0.07358333333333333
711.6,22.84,0.652,critical,0.8895000000000001,0.7613333333333333,0.652,0.7066666666666667,0.7980833333333334
67.1,1.23,0.072,safe,0.08387499999999999,0.041,0.072,0.056499999999999995,0.07018749999999999
70.1,1.52,0.06,safe,0.087625,0.050666666666666665,0.06,0.05533333333333333,0.07147916666666666
81.4,0.0,0.03,safe,0.10175000000000001,0.0,0.03,0.015,0.058375
322.1,10.38,0.312,elevated,0.402625,0.34600000000000003,0.312,0.329,0.3658125
809.9,25.11,0.558,critical,1.0,0.837,0.558,0.6975,0.84875
266.5,10.13,0.401,elevated,0.333125,0.33766666666666667,0.401,0.36933333333333335,0.3512291666666667
85.2,0.7,0.06,safe,0.1065,0.02333333333333333,0.06,0.041666666666666664,0.07408333333333333
345.5,13.59,0.253,elevated,0.431875,0.453,0.253,0.353,0.3924375
111.0,2.07,0.059,safe,0.13875,0.06899999999999999,0.059,0.064,0.101375
786.1,27.75,0.613,critical,0.9826250000000001,0.925,0.613,0.769,0.8758125000000001
99.3,1.89,0.073,safe,0.124125,0.063,0.073,0.068,0.0960625
68.0,2.62,0.051,safe,0.085,0.08733333333333333,0.051,0.06916666666666667,0.07708333333333334
261.7,10.72,0.198,elevated,0.327125,0.35733333333333334,0.198,0.2776666666666667,0.3023958333333333
55.1,1.14,0.024,safe,0.068875,0.038,0.024,0.031,0.0499375
633.7,28.9,0.78,critical,0.7921250000000001,0.9633333333333333,0.78,0.8716666666666666,0.8318958333333333
541.0,17.92,0.686,critical,0.67625,0.5973333333333334,0.686,0.6416666666666667,0.6589583333333333
64.9,1.42,0.086,safe,0.081125,0.04733333333333333,0.086,0.06666666666666667,0.07389583333333333
232.8,9.52,0.248,elevated,0.29100000000000004,0.3173333333333333,0.248,0.2826666666666666,0.28683333333333333
84.5,2.38,0.013,safe,0.105625,0.07933333333333333,0.013,0.04616666666666666,0.07589583333333333
86.8,3.37,0.069,safe,0.1085,0.11233333333333334,0.069,0.09066666666666667,0.09958333333333333
111.6,3.28,0.035,safe,0.13949999999999999,0.10933333333333332,0.035,0.07216666666666666,0.10583333333333332
720.8,27.63,0.685,critical,0.9009999999999999,0.9209999999999999,0.685,0.8029999999999999,0.8519999999999999
644.5,27.62,0.448,critical,0.805625,0.9206666666666667,0.448,0.6843333333333333,0.7449791666666667
111.3,2.96,0.043,safe,0.139125,0.09866666666666667,0.043,0.07083333333333333,0.10497916666666667
539.4,30.92,0.761,critical,0.67425,1.0,0.761,0.8805000000000001,0.777375
284.6,14.59,0.289,elevated,0.35575,0.48633333333333334,0.289,0.38766666666666666,0.3717083333333333
66.8,3.01,0.07,safe,0.08349999999999999,0.10033333333333333,0.07,0.08516666666666667,0.08433333333333333
95.6,2.67,0.035,safe,0.1195,0.089,0.035,0.062,0.09075
744.8,18.11,0.75,critical,0.9309999999999999,0.6036666666666667,0.75,0.6768333333333334,0.8039166666666666
122.9,1.35,0.049,safe,0.153625,0.045000000000000005,0.049,0.047,0.1003125
126.3,0.33,0.04,safe,0.157875,0.011000000000000001,0.04,0.025500000000000002,0.09168749999999999
312.1,14.59,0.307,elevated,0.39012500000000006,0.48633333333333334,0.307,0.39666666666666667,0.3933958333333334
274.3,13.12,0.372,elevated,0.34287500000000004,0.4373333333333333,0.372,0.4046666666666666,0.37377083333333333
58.8,1.73,0.058,safe,0.0735,0.057666666666666665,0.058,0.057833333333333334,0.06566666666666666
81.8,18.42,0.47,elevated,0.10225,0.6140000000000001,0.47,0.542,0.322125
642.4,16.3,0.815,critical,0.8029999999999999,0.5433333333333333,0.815,0.6791666666666667,0.7410833333333333
94.3,0.58,0.072,safe,0.117875,0.01933333333333333,0.072,0.04566666666666666,0.08177083333333332
83.4,2.24,0.083,safe,0.10425000000000001,0.07466666666666667,0.083,0.07883333333333334,0.09154166666666667
381.8,11.78,0.252,elevated,0.47725,0.39266666666666666,0.252,0.32233333333333336,0.39979166666666666
85.2,2.12,0.008,safe,0.1065,0.07066666666666667,0.008,0.03933333333333333,0.07291666666666666
240.7,7.34,0.216,elevated,0.300875,0.24466666666666667,0.216,0.23033333333333333,0.26560416666666664
63.2,1.98,0.05,safe,0.079,0.066,0.05,0.058,0.0685
770.4,17.04,0.365,critical,0.963,0.568,0.365,0.46649999999999997,0.71475
331.4,10.17,0.259,elevated,0.41424999999999995,0.339,0.259,0.29900000000000004,0.35662499999999997
715.9,28.21,0.735,critical,0.894875,0.9403333333333334,0.735,0.8376666666666667,0.8662708333333333
597.6,27.95,0.473,critical,0.747,0.9316666666666666,0.473,0.7023333333333333,0.7246666666666666
69.1,0.99,0.082,safe,0.086375,0.033,0.082,0.0575,0.0719375
403.7,10.19,0.4,elevated,0.504625,0.3396666666666667,0.4,0.36983333333333335,0.43722916666666667
371.2,13.22,0.229,elevated,0.46399999999999997,0.4406666666666667,0.229,0.33483333333333337,0.39941666666666664
644.9,30.53,0.913,critical,0.806125,1.0,0.913,0.9565,0.8813124999999999
701.3,27.77,0.506,critical,0.876625,0.9256666666666666,0.506,0.7158333333333333,0.7962291666666667
501.2,1.85,0.034,elevated,0.6265,0.06166666666666667,0.034,0.04783333333333334,0.3371666666666666
314.6,11.71,0.156,elevated,0.39325000000000004,0.39033333333333337,0.156,0.27316666666666667,0.33320833333333333
72.3,3.48,0.073,safe,0.090375,0.116,0.073,0.0945,0.0924375
575.5,15.98,0.526,critical,0.719375,0.5326666666666667,0.526,0.5293333333333334,0.6243541666666668
359.9,6.86,0.278,elevated,0.44987499999999997,0.22866666666666668,0.278,0.25333333333333335,0.35160416666666666
554.5,3.46,0.047,elevated,0.693125,0.11533333333333333,0.047,0.08116666666666666,0.3871458333333333
657.7,29.71,0.775,critical,0.8221250000000001,0.9903333333333334,0.775,0.8826666666666667,0.8523958333333335
74.9,3.2,0.038,safe,0.09362500000000001,0.10666666666666667,0.038,0.07233333333333333,0.08297916666666667
254.7,6.69,0.315,elevated,0.31837499999999996,0.223,0.315,0.269,0.2936875
608.9,27.8,0.569,critical,0.7611249999999999,0.9266666666666666,0.569,0.7478333333333333,0.7544791666666666
351.0,15.48,0.215,elevated,0.43875,0.516,0.215,0.3655,0.40212499999999995
527.0,20.89,0.671,critical,0.65875,0.6963333333333334,0.671,0.6836666666666666,0.6712083333333333
326.2,4.07,0.336,elevated,0.40775,0.13566666666666669,0.336,0.23583333333333334,0.3217916666666667
61.8,2.32,0.06,safe,0.07725,0.07733333333333332,0.06,0.06866666666666665,0.07295833333333332
795.2,31.21,0.692,critical,0.9940000000000001,1.0,0.692,0.846,0.92
568.3,23.9,0.269,critical,0.710375,0.7966666666666666,0.269,0.5328333333333333,0.6216041666666666
358.9,13.87,0.379,elevated,0.448625,0.4623333333333333,0.379,0.42066666666666663,0.4346458333333333
311.9,12.45,0.125,elevated,0.38987499999999997,0.415,0.125,0.27,0.3299375
408.1,7.29,0.291,elevated,0.510125,0.243,0.291,0.267,0.38856250000000003
69.6,1.47,0.06,safe,0.087,0.049,0.06,0.0545,0.07075
76.3,3.53,0.039,safe,0.095375,0.11766666666666666,0.039,0.07833333333333332,0.08685416666666666
633.2,37.6,0.566,critical,0.7915000000000001,1.0,0.566,0.7829999999999999,0.78725
103.3,2.33,0.022,safe,0.129125,0.07766666666666668,0.022,0.04983333333333334,0.08947916666666667
41.0,2.25,0.087,safe,0.05125,0.075,0.087,0.08099999999999999,0.06612499999999999
338.6,11.67,0.248,elevated,0.42325,0.389,0.248,0.3185,0.370875
295.1,13.68,0.232,elevated,0.368875,0.456,0.232,0.34400000000000003,0.3564375
231.2,4.1,0.337,elevated,0.289,0.13666666666666666,0.337,0.23683333333333334,0.2629166666666667
81.4,0.52,0.05,safe,0.10175000000000001,0.017333333333333333,0.05,0.033666666666666664,0.06770833333333334
84.8,2.83,0.056,safe,0.106,0.09433333333333334,0.056,0.07516666666666667,0.09058333333333334
58.6,0.39,0.058,safe,0.07325,0.013000000000000001,0.058,0.035500000000000004,0.054375
297.6,7.79,0.125,elevated,0.37200000000000005,0.25966666666666666,0.125,0.19233333333333333,0.2821666666666667
588.8,22.88,0.634,critical,0.736,0.7626666666666666,0.634,0.6983333333333333,0.7171666666666666
469.7,17.86,0.851,critical,0.587125,0.5953333333333333,0.851,0.7231666666666666,0.6551458333333333
47.7,2.57,0.043,safe,0.059625000000000004,0.08566666666666665,0.043,0.06433333333333333,0.06197916666666667
640.1,29.29,0.769,critical,0.800125,0.9763333333333333,0.769,0.8726666666666667,0.8363958333333333
456.0,1.45,0.054,elevated,0.57,0.04833333333333333,0.054,0.051166666666666666,0.3105833333333333
636.9,39.48,0.757,critical,0.796125,1.0,0.757,0.8785000000000001,0.8373125
295.2,10.55,0.405,elevated,0.369,0.3516666666666667,0.405,0.37833333333333335,0.3736666666666667
306.3,9.6,0.2,elevated,0.382875,0.32,0.2,0.26,0.32143750000000004
313.4,13.07,0.336,elevated,0.39175,0.4356666666666667,0.336,0.38583333333333336,0.38879166666666665
80.3,2.58,0.035,safe,0.10037499999999999,0.08600000000000001,0.035,0.060500000000000005,0.0804375
741.9,26.38,0.493,critical,0.927375,0.8793333333333333,0.493,0.6861666666666666,0.8067708333333332
434.8,23.63,0.683,critical,0.5435,0.7876666666666666,0.683,0.7353333333333334,0.6394166666666667
283.2,11.94,0.144,elevated,0.354,0.39799999999999996,0.144,0.27099999999999996,0.3125
762.1,31.58,0.482,critical,0.952625,1.0,0.482,0.741,0.8468125
320.8,8.03,0.264,elevated,0.401,0.26766666666666666,0.264,0.26583333333333337,0.3334166666666667
63.6,2.21,0.048,safe,0.0795,0.07366666666666667,0.048,0.060833333333333336,0.07016666666666667
115.3,2.37,0.037,safe,0.144125,0.079,0.037,0.057999999999999996,0.1010625
569.4,25.04,0.704,critical,0.71175,0.8346666666666667,0.704,0.7693333333333333,0.7405416666666667
636.6,14.76,0.415,critical,0.7957500000000001,0.492,0.415,0.4535,0.624625
625.0,23.09,0.636,critical,0.78125,0.7696666666666666,0.636,0.7028333333333333,0.7420416666666667
186.6,10.43,0.247,elevated,0.23324999999999999,0.3476666666666667,0.247,0.29733333333333334,0.26529166666666665
424.5,14.17,0.321,elevated,0.530625,0.4723333333333333,0.321,0.39666666666666667,0.4636458333333333
27.6,4.15,0.022,safe,0.0345,0.13833333333333334,0.022,0.08016666666666666,0.05733333333333333
129.3,3.28,0.058,safe,0.16162500000000002,0.10933333333333332,0.058,0.08366666666666667,0.12264583333333334
280.5,12.02,0.355,elevated,0.350625,0.40066666666666667,0.355,0.37783333333333335,0.3642291666666667
650.1,28.64,0.509,critical,0.812625,0.9546666666666667,0.509,0.7318333333333333,0.7722291666666667
312.5,11.17,0.164,elevated,0.390625,0.37233333333333335,0.164,0.26816666666666666,0.32939583333333333
76.8,1.55,0.019,safe,0.096,0.051666666666666666,0.019,0.035333333333333335,0.06566666666666666
76.2,2.33,0.049,safe,0.09525,0.07766666666666668,0.049,0.06333333333333334,0.07929166666666668
271.0,9.08,0.19,elevated,0.33875,0.3026666666666667,0.19,0.24633333333333335,0.2925416666666667
262.5,6.49,0.296,elevated,0.328125,0.21633333333333335,0.296,0.25616666666666665,0.2921458333333333
267.9,11.42,0.23,elevated,0.334875,0.38066666666666665,0.23,0.30533333333333335,0.32010416666666663
66.0,0.68,0.028,safe,0.0825,0.02266666666666667,0.028,0.025333333333333333,0.05391666666666667
398.5,11.7,0.291,elevated,0.498125,0.38999999999999996,0.291,0.34049999999999997,0.4193125
90.3,1.42,0.059,safe,0.112875,0.04733333333333333,0.059,0.05316666666666667,0.08302083333333334
238.7,15.03,0.291,elevated,0.298375,0.501,0.291,0.396,0.3471875
80.9,16.84,0.526,elevated,0.101125,0.5613333333333334,0.526,0.5436666666666667,0.3223958333333334
600.6,3.04,0.036,elevated,0.75075,0.10133333333333333,0.036,0.06866666666666667,0.40970833333333334
518.4,2.93,0.059,elevated,0.648,0.09766666666666667,0.059,0.07833333333333334,0.3631666666666667
326.4,16.02,0.19,elevated,0.408,0.534,0.19,0.362,0.385
205.8,8.8,0.311,elevated,0.25725000000000003,0.29333333333333333,0.311,0.3021666666666667,0.27970833333333334
544.3,2.24,0.024,elevated,0.680375,0.07466666666666667,0.024,0.04933333333333334,0.36485416666666665
72.2,3.18,0.062,safe,0.09025,0.10600000000000001,0.062,0.084,0.08712500000000001
70.7,3.1,0.049,safe,0.08837500000000001,0.10333333333333333,0.049,0.07616666666666666,0.08227083333333333
407.9,12.76,0.3,elevated,0.509875,0.42533333333333334,0.3,0.3626666666666667,0.43627083333333333
231.4,7.48,0.299,elevated,0.28925,0.24933333333333335,0.299,0.27416666666666667,0.28170833333333334
74.0,1.49,0.02,safe,0.0925,0.049666666666666665,0.02,0.034833333333333334,0.06366666666666666
77.7,2.24,0.045,safe,0.097125,0.07466666666666667,0.045,0.059833333333333336,0.07847916666666667
296.1,16.63,0.16,elevated,0.37012500000000004,0.5543333333333333,0.16,0.3571666666666667,0.36364583333333333
117.9,2.76,0.085,safe,0.147375,0.092,0.085,0.0885,0.1179375
280.7,16.47,0.178,elevated,0.350875,0.5489999999999999,0.178,0.36349999999999993,0.3571875
676.3,14.34,0.626,critical,0.845375,0.478,0.626,0.552,0.6986875
286.5,4.72,0.19,elevated,0.358125,0.15733333333333333,0.19,0.17366666666666666,0.26589583333333333
610.8,28.51,0.411,critical,0.7635,0.9503333333333334,0.411,0.6806666666666666,0.7220833333333333
51.7,0.41,0.04,safe,0.064625,0.013666666666666666,0.04,0.026833333333333334,0.04572916666666667
302.3,7.18,0.214,elevated,0.377875,0.23933333333333331,0.214,0.22666666666666666,0.3022708333333333
74.7,5.08,0.049,safe,0.093375,0.16933333333333334,0.049,0.10916666666666666,0.10127083333333334
289.6,12.85,0.165,elevated,0.36200000000000004,0.42833333333333334,0.165,0.2966666666666667,0.32933333333333337
260.9,6.8,0.274,elevated,0.326125,0.22666666666666666,0.274,0.25033333333333335,0.28822916666666665
535.6,25.61,0.58,critical,0.6695,0.8536666666666667,0.58,0.7168333333333333,0.6931666666666667
676.5,21.22,0.669,critical,0.845625,0.7073333333333333,0.669,0.6881666666666666,0.7668958333333333
574.1,2.37,0.04,elevated,0.7176250000000001,0.079,0.04,0.0595,0.38856250000000003
109.1,2.31,0.045,safe,0.136375,0.077,0.045,0.061,0.0986875
283.1,9.7,0.169,elevated,0.35387500000000005,0.3233333333333333,0.169,0.24616666666666664,0.30002083333333335
559.4,16.29,0.881,critical,0.6992499999999999,0.5429999999999999,0.881,0.712,0.705625
572.7,29.0,0.642,critical,0.715875,0.9666666666666667,0.642,0.8043333333333333,0.7601041666666667
102.7,19.45,0.366,elevated,0.12837500000000002,0.6483333333333333,0.366,0.5071666666666667,0.31777083333333334
452.1,22.85,0.626,critical,0.565125,0.7616666666666667,0.626,0.6938333333333333,0.6294791666666666
297.1,12.87,0.255,elevated,0.371375,0.429,0.255,0.34199999999999997,0.3566875
517.1,2.76,0.067,elevated,0.646375,0.092,0.067,0.0795,0.3629375
65.8,1.57,0.059,safe,0.08224999999999999,0.052333333333333336,0.059,0.05566666666666667,0.06895833333333333
296.2,9.34,0.279,elevated,0.37024999999999997,0.31133333333333335,0.279,0.2951666666666667,0.33270833333333333
269.9,14.92,0.122,elevated,0.337375,0.49733333333333335,0.122,0.30966666666666665,0.3235208333333333
498.6,31.75,0.559,critical,0.6232500000000001,1.0,0.559,0.7795000000000001,0.7013750000000001
68.8,2.02,0.053,safe,0.086,0.06733333333333333,0.053,0.06016666666666666,0.07308333333333333
110.5,2.61,0.077,safe,0.138125,0.087,0.077,0.08199999999999999,0.1100625
639.7,31.68,0.458,critical,0.799625,1.0,0.458,0.729,0.7643125
567.1,3.45,0.043,elevated,0.708875,0.115,0.043,0.079,0.3939375
105.3,1.51,0.033,safe,0.131625,0.050333333333333334,0.033,0.04166666666666667,0.08664583333333334
357.8,10.85,0.121,elevated,0.44725000000000004,0.36166666666666664,0.121,0.24133333333333332,0.34429166666666666
615.7,15.61,0.554,critical,0.769625,0.5203333333333333,0.554,0.5371666666666667,0.6533958333333334
641.2,26.14,0.412,critical,0.8015000000000001,0.8713333333333334,0.412,0.6416666666666667,0.7215833333333335
236.8,14.5,0.402,elevated,0.29600000000000004,0.48333333333333334,0.402,0.44266666666666665,0.36933333333333335
259.1,12.52,0.322,elevated,0.323875,0.41733333333333333,0.322,0.3696666666666667,0.34677083333333336
93.7,1.34,0.096,safe,0.117125,0.04466666666666667,0.096,0.07033333333333333,0.09372916666666667
134.4,3.12,0.062,safe,0.168,0.10400000000000001,0.062,0.083,0.1255
67.5,1.14,0.072,safe,0.084375,0.038,0.072,0.05499999999999999,0.0696875
72.5,19.37,0.395,elevated,0.090625,0.6456666666666667,0.395,0.5203333333333333,0.30547916666666663
371.7,9.44,0.22,elevated,0.464625,0.31466666666666665,0.22,0.2673333333333333,0.36597916666666663
310.8,12.17,0.137,elevated,0.3885,0.4056666666666667,0.137,0.2713333333333333,0.32991666666666664
90.9,1.8,0.08,safe,0.113625,0.060000000000000005,0.08,0.07,0.0918125
88.1,1.4,0.039,safe,0.11012499999999999,0.04666666666666666,0.039,0.042833333333333334,0.07647916666666665
81.4,1.18,0.088,safe,0.10175000000000001,0.03933333333333333,0.088,0.06366666666666666,0.08270833333333333
320.6,15.02,0.323,elevated,0.40075000000000005,0.5006666666666667,0.323,0.4118333333333334,0.4062916666666667
42.7,2.54,0.078,safe,0.053375000000000006,0.08466666666666667,0.078,0.08133333333333334,0.06735416666666667
757.0,28.14,0.263,critical,0.94625,0.9380000000000001,0.263,0.6005,0.773375
665.2,21.84,0.502,critical,0.8315,0.728,0.502,0.615,0.72325
223.2,8.86,0.248,elevated,0.27899999999999997,0.29533333333333334,0.248,0.27166666666666667,0.2753333333333333
199.9,13.66,0.182,elevated,0.249875,0.4553333333333333,0.182,0.31866666666666665,0.28427083333333336
382.5,13.52,0.236,elevated,0.478125,0.45066666666666666,0.236,0.3433333333333333,0.4107291666666667
623.5,30.03,0.49,critical,0.779375,1.0,0.49,0.745,0.7621875
101.1,2.56,0.041,safe,0.126375,0.08533333333333333,0.041,0.06316666666666666,0.09477083333333333
552.8,14.65,0.656,critical,0.691,0.48833333333333334,0.656,0.5721666666666667,0.6315833333333334
73.4,3.83,0.062,safe,0.09175000000000001,0.12766666666666668,0.062,0.09483333333333334,0.09329166666666668
395.7,13.71,0.265,elevated,0.494625,0.457,0.265,0.361,0.4278125
87.2,2.1,0.0,safe,0.109,0.07,0.0,0.035,0.07200000000000001
664.7,24.02,0.831,critical,0.830875,0.8006666666666666,0.831,0.8158333333333333,0.8233541666666666
122.7,2.18,0.064,safe,0.153375,0.07266666666666667,0.064,0.06833333333333333,0.11085416666666667
701.6,23.49,0.57,critical,0.877,0.7829999999999999,0.57,0.6764999999999999,0.7767499999999999
271.0,10.45,0.223,elevated,0.33875,0.34833333333333333,0.223,0.2856666666666667,0.3122083333333333
84.6,2.5,0.071,safe,0.10575,0.08333333333333333,0.071,0.07716666666666666,0.09145833333333334
96.4,1.23,0.034,safe,0.12050000000000001,0.041,0.034,0.037500000000000006,0.07900000000000001
587.9,24.6,0.267,critical,0.734875,0.8200000000000001,0.267,0.5435000000000001,0.6391875
339.1,2.34,0.235,elevated,0.423875,0.078,0.235,0.1565,0.2901875
63.1,3.69,0.049,safe,0.078875,0.123,0.049,0.086,0.0824375
51.3,3.68,0.034,safe,0.064125,0.12266666666666667,0.034,0.07833333333333334,0.07122916666666668
39.5,1.14,0.081,safe,0.049375,0.038,0.081,0.0595,0.0544375
314.3,14.68,0.266,elevated,0.39287500000000003,0.48933333333333334,0.266,0.3776666666666667,0.38527083333333334
56.6,2.12,0.053,safe,0.07075000000000001,0.07066666666666667,0.053,0.06183333333333334,0.06629166666666667
635.5,19.01,0.693,critical,0.794375,0.6336666666666667,0.693,0.6633333333333333,0.7288541666666667
352.2,11.37,0.076,elevated,0.44025,0.37899999999999995,0.076,0.22749999999999998,0.333875
307.5,6.11,0.343,elevated,0.384375,0.2036666666666667,0.343,0.2733333333333334,0.32885416666666667
383.5,8.88,0.243,elevated,0.479375,0.29600000000000004,0.243,0.2695,0.3744375
60.2,1.04,0.05,safe,0.07525,0.034666666666666665,0.05,0.042333333333333334,0.058791666666666666
79.3,3.55,0.052,safe,0.09912499999999999,0.11833333333333333,0.052,0.08516666666666667,0.09214583333333333
223.0,5.16,0.176,elevated,0.27875,0.17200000000000001,0.176,0.174,0.226375
746.5,23.86,0.509,critical,0.933125,0.7953333333333333,0.509,0.6521666666666667,0.7926458333333333
73.8,1.71,0.05,safe,0.09225,0.057,0.05,0.053500000000000006,0.072875
87.6,17.44,0.504,elevated,0.10949999999999999,0.5813333333333334,0.504,0.5426666666666666,0.3260833333333333
536.1,21.1,0.58,critical,0.6701250000000001,0.7033333333333334,0.58,0.6416666666666666,0.6558958333333333
214.2,13.71,0.208,elevated,0.26775,0.457,0.208,0.3325,0.300125
71.2,0.13,0.063,safe,0.08900000000000001,0.004333333333333333,0.063,0.033666666666666664,0.06133333333333334
70.8,0.55,0.0,safe,0.0885,0.018333333333333333,0.0,0.009166666666666667,0.04883333333333333
314.6,5.33,0.348,elevated,0.39325000000000004,0.17766666666666667,0.348,0.2628333333333333,0.3280416666666667
87.7,2.54,0.071,safe,0.109625,0.08466666666666667,0.071,0.07783333333333334,0.09372916666666667
92.9,18.86,0.369,elevated,0.116125,0.6286666666666666,0.369,0.4988333333333333,0.30747916666666664
449.6,21.3,0.612,critical,0.562,0.7100000000000001,0.612,0.661,0.6115
542.7,29.47,0.655,critical,0.6783750000000001,0.9823333333333333,0.655,0.8186666666666667,0.7485208333333333
59.5,1.67,0.086,safe,0.074375,0.05566666666666666,0.086,0.07083333333333333,0.07260416666666666
297.7,13.57,0.286,elevated,0.372125,0.45233333333333337,0.286,0.36916666666666664,0.37064583333333334
729.3,27.99,0.672,critical,0.9116249999999999,0.9329999999999999,0.672,0.8025,0.8570625
311.5,10.15,0.236,elevated,0.389375,0.3383333333333333,0.236,0.2871666666666667,0.33827083333333335
352.3,9.39,0.392,elevated,0.440375,0.313,0.392,0.35250000000000004,0.3964375
89.1,15.34,0.31,elevated,0.11137499999999999,0.5113333333333333,0.31,0.4106666666666666,0.2610208333333333
85.9,0.94,0.022,safe,0.10737500000000001,0.03133333333333333,0.022,0.026666666666666665,0.06702083333333334
91.7,2.65,0.053,safe,0.114625,0.08833333333333333,0.053,0.07066666666666667,0.09264583333333334
712.2,16.02,0.594,critical,0.8902500000000001,0.534,0.594,0.5640000000000001,0.727125
86.5,2.31,0.087,safe,0.108125,0.077,0.087,0.08199999999999999,0.0950625
386.6,11.12,0.184,elevated,0.48325,0.37066666666666664,0.184,0.2773333333333333,0.3802916666666667
482.4,3.39,0.051,elevated,0.603,0.113,0.051,0.082,0.34249999999999997
47.9,0.0,0.038,safe,0.059875,0.0,0.038,0.019,0.0394375
297.2,9.48,0.231,elevated,0.3715,0.316,0.231,0.2735,0.3225
334.4,10.97,0.192,elevated,0.418,0.3656666666666667,0.192,0.2788333333333334,0.3484166666666667
102.5,11.61,0.364,elevated,0.128125,0.38699999999999996,0.364,0.37549999999999994,0.2518125
364.4,6.44,0.348,elevated,0.45549999999999996,0.21466666666666667,0.348,0.2813333333333333,0.3684166666666666
51.8,1.87,0.054,safe,0.06475,0.06233333333333334,0.054,0.05816666666666667,0.06145833333333334
768.9,25.51,0.594,critical,0.961125,0.8503333333333334,0.594,0.7221666666666666,0.8416458333333333
551.2,3.56,0.039,elevated,0.6890000000000001,0.11866666666666667,0.039,0.07883333333333334,0.3839166666666667
792.3,18.3,0.683,critical,0.9903749999999999,0.61,0.683,0.6465000000000001,0.8184374999999999
338.1,9.97,0.38,elevated,0.42262500000000003,0.33233333333333337,0.38,0.3561666666666667,0.3893958333333334
226.3,14.82,0.165,elevated,0.282875,0.494,0.165,0.3295,0.3061875
658.9,25.96,0.639,critical,0.8236249999999999,0.8653333333333334,0.639,0.7521666666666667,0.7878958333333332
53.4,2.41,0.024,safe,0.06675,0.08033333333333334,0.024,0.05216666666666667,0.059458333333333335
96.5,1.75,0.019,safe,0.120625,0.058333333333333334,0.019,0.03866666666666667,0.07964583333333333
73.3,1.2,0.06,safe,0.091625,0.04,0.06,0.05,0.0708125
573.7,35.77,0.429,critical,0.717125,1.0,0.429,0.7145,0.7158125
582.9,21.3,0.823,critical,0.728625,0.7100000000000001,0.823,0.7665,0.7475624999999999
659.8,29.12,0.608,critical,0.82475,0.9706666666666667,0.608,0.7893333333333333,0.8070416666666667
474.7,2.2,0.114,elevated,0.593375,0.07333333333333333,0.114,0.09366666666666668,0.34352083333333333
85.9,1.47,0.031,safe,0.10737500000000001,0.049,0.031,0.04,0.0736875
91.8,1.15,0.043,safe,0.11474999999999999,0.03833333333333333,0.043,0.04066666666666666,0.07770833333333332
649.1,19.82,0.389,critical,0.8113750000000001,0.6606666666666666,0.389,0.5248333333333333,0.6681041666666667
351.2,11.33,0.294,elevated,0.439,0.37766666666666665,0.294,0.3358333333333333,0.38741666666666663
760.1,13.8,0.908,critical,0.950125,0.46,0.908,0.684,0.8170625
86.3,1.69,0.065,safe,0.107875,0.05633333333333333,0.065,0.06066666666666667,0.08427083333333334
68.7,2.69,0.057,safe,0.085875,0.08966666666666666,0.057,0.07333333333333333,0.07960416666666667
308.0,11.9,0.232,elevated,0.385,0.39666666666666667,0.232,0.31433333333333335,0.3496666666666667
70.3,1.59,0.039,safe,0.087875,0.053000000000000005,0.039,0.046,0.0669375
473.5,2.72,0.076,elevated,0.591875,0.09066666666666667,0.076,0.08333333333333334,0.3376041666666667
115.6,17.08,0.46,elevated,0.1445,0.5693333333333332,0.46,0.5146666666666666,0.3295833333333333
71.1,1.99,0.059,safe,0.088875,0.06633333333333333,0.059,0.06266666666666666,0.07577083333333333
86.0,1.25,0.072,safe,0.1075,0.041666666666666664,0.072,0.05683333333333333,0.08216666666666667
491.6,34.86,0.801,critical,0.6145,1.0,0.801,0.9005000000000001,0.7575000000000001
92.5,1.87,0.054,safe,0.115625,0.06233333333333334,0.054,0.05816666666666667,0.08689583333333334
276.4,8.71,0.206,elevated,0.3455,0.2903333333333334,0.206,0.2481666666666667,0.29683333333333334
705.6,29.08,0.466,critical,0.882,0.9693333333333333,0.466,0.7176666666666667,0.7998333333333334
483.2,2.74,0.07,elevated,0.604,0.09133333333333334,0.07,0.08066666666666666,0.3423333333333333
823.3,17.5,0.672,critical,1.0,0.5833333333333334,0.672,0.6276666666666667,0.8138333333333334
619.2,23.08,0.482,critical,0.774,0.7693333333333333,0.482,0.6256666666666666,0.6998333333333333
692.7,15.14,0.496,critical,0.8658750000000001,0.5046666666666667,0.496,0.5003333333333333,0.6831041666666666
296.5,10.81,0.265,elevated,0.370625,0.36033333333333334,0.265,0.31266666666666665,0.3416458333333333
93.3,9.76,0.407,elevated,0.11662499999999999,0.3253333333333333,0.407,0.36616666666666664,0.2413958333333333
65.6,2.23,0.045,safe,0.08199999999999999,0.07433333333333333,0.045,0.059666666666666666,0.07083333333333333
682.7,13.92,0.447,critical,0.8533750000000001,0.464,0.447,0.4555,0.6544375
89.5,0.96,0.054,safe,0.111875,0.032,0.054,0.043,0.07743749999999999
635.2,19.45,0.37,critical,0.794,0.6483333333333333,0.37,0.5091666666666667,0.6515833333333334
63.7,0.0,0.039,safe,0.079625,0.0,0.039,0.0195,0.0495625
59.7,2.68,0.052,safe,0.074625,0.08933333333333333,0.052,0.07066666666666667,0.07264583333333333
313.0,11.67,0.24,elevated,0.39125,0.389,0.24,0.3145,0.352875
86.9,1.28,0.045,safe,0.10862500000000001,0.042666666666666665,0.045,0.043833333333333335,0.07622916666666668
76.1,19.38,0.429,elevated,0.09512499999999999,0.646,0.429,0.5375,0.3163125
519.1,35.05,0.812,critical,0.648875,1.0,0.812,0.906,0.7774375
321.9,12.78,0.243,elevated,0.402375,0.426,0.243,0.3345,0.3684375
728.0,25.91,0.393,critical,0.91,0.8636666666666667,0.393,0.6283333333333334,0.7691666666666668
279.1,12.03,0.282,elevated,0.34887500000000005,0.40099999999999997,0.282,0.34149999999999997,0.3451875
55.2,4.27,0.071,safe,0.069,0.1423333333333333,0.071,0.10666666666666666,0.08783333333333333
694.8,27.83,0.476,critical,0.8684999999999999,0.9276666666666666,0.476,0.7018333333333333,0.7851666666666666
526.1,18.4,0.818,critical,0.657625,0.6133333333333333,0.818,0.7156666666666667,0.6866458333333334
101.8,0.2,0.079,safe,0.12725,0.006666666666666667,0.079,0.042833333333333334,0.08504166666666667
57.0,3.16,0.03,safe,0.07125,0.10533333333333333,0.03,0.06766666666666667,0.06945833333333333
634.9,26.92,0.698,critical,0.793625,0.8973333333333334,0.698,0.7976666666666667,0.7956458333333334
212.1,9.09,0.284,elevated,0.265125,0.303,0.284,0.2935,0.27931249999999996
528.1,2.82,0.095,elevated,0.6601250000000001,0.094,0.095,0.0945,0.37731250000000005
294.6,10.51,0.309,elevated,0.36825,0.35033333333333333,0.309,0.32966666666666666,0.34895833333333337
93.6,1.1,0.044,safe,0.11699999999999999,0.03666666666666667,0.044,0.04033333333333333,0.07866666666666666
40.8,1.68,0.051,safe,0.051,0.056,0.051,0.0535,0.05225
108.7,15.48,0.367,elevated,0.135875,0.516,0.367,0.4415,0.2886875
273.2,13.64,0.287,elevated,0.34149999999999997,0.45466666666666666,0.287,0.37083333333333335,0.35616666666666663
320.8,7.35,0.294,elevated,0.401,0.245,0.294,0.26949999999999996,0.33525
104.3,19.6,0.364,elevated,0.130375,0.6533333333333334,0.364,0.5086666666666667,0.31952083333333337
700.5,22.86,0.647,critical,0.875625,0.762,0.647,0.7045,0.7900625
713.8,30.29,0.682,critical,0.89225,1.0,0.682,0.841,0.866625
83.5,3.52,0.028,safe,0.104375,0.11733333333333333,0.028,0.07266666666666667,0.08852083333333333
689.2,28.0,0.629,critical,0.8615,0.9333333333333333,0.629,0.7811666666666667,0.8213333333333334
650.0,22.13,0.544,critical,0.8125,0.7376666666666666,0.544,0.6408333333333334,0.7266666666666667
291.6,12.16,0.339,elevated,0.36450000000000005,0.4053333333333333,0.339,0.37216666666666665,0.36833333333333335
64.4,16.09,0.357,elevated,0.0805,0.5363333333333333,0.357,0.44666666666666666,0.26358333333333334
556.0,27.99,0.599,critical,0.695,0.9329999999999999,0.599,0.766,0.7304999999999999
233.8,8.69,0.195,elevated,0.29225,0.28966666666666663,0.195,0.24233333333333332,0.26729166666666665
84.5,21.69,0.501,elevated,0.105625,0.7230000000000001,0.501,0.6120000000000001,0.35881250000000003
103.2,1.3,0.101,safe,0.129,0.043333333333333335,0.101,0.07216666666666667,0.10058333333333333
648.6,28.53,0.312,critical,0.8107500000000001,0.9510000000000001,0.312,0.6315000000000001,0.721125
66.4,1.01,0.03,safe,0.083,0.033666666666666664,0.03,0.03183333333333333,0.05741666666666667
540.9,23.6,0.702,critical,0.676125,0.7866666666666667,0.702,0.7443333333333333,0.7102291666666667
692.4,23.4,0.593,critical,0.8654999999999999,0.7799999999999999,0.593,0.6864999999999999,0.7759999999999999
680.8,25.64,0.494,critical,0.851,0.8546666666666667,0.494,0.6743333333333333,0.7626666666666666
79.5,0.88,0.048,safe,0.099375,0.029333333333333333,0.048,0.03866666666666667,0.06902083333333334
81.3,0.37,0.082,safe,0.101625,0.012333333333333333,0.082,0.04716666666666667,0.07439583333333333
789.6,37.54,0.708,critical,0.987,1.0,0.708,0.854,0.9205
64.0,2.05,0.022,safe,0.08,0.06833333333333333,0.022,0.04516666666666666,0.06258333333333332
265.6,11.59,0.135,elevated,0.332,0.3863333333333333,0.135,0.26066666666666666,0.29633333333333334
325.4,9.44,0.342,elevated,0.40674999999999994,0.31466666666666665,0.342,0.32833333333333337,0.36754166666666666
499.7,29.38,0.556,critical,0.624625,0.9793333333333333,0.556,0.7676666666666667,0.6961458333333334
241.1,5.74,0.225,elevated,0.301375,0.19133333333333333,0.225,0.20816666666666667,0.25477083333333334
659.0,32.16,0.539,critical,0.82375,1.0,0.539,0.7695000000000001,0.796625
95.0,2.07,0.049,safe,0.11875,0.06899999999999999,0.049,0.059,0.088875
92.2,1.84,0.028,safe,0.11525,0.06133333333333334,0.028,0.04466666666666667,0.07995833333333334
86.9,2.96,0.023,safe,0.10862500000000001,0.09866666666666667,0.023,0.060833333333333336,0.08472916666666667
261.2,7.73,0.186,elevated,0.3265,0.25766666666666665,0.186,0.22183333333333333,0.27416666666666667
550.6,2.97,0.058,elevated,0.68825,0.099,0.058,0.0785,0.383375
90.3,1.14,0.04,safe,0.112875,0.038,0.04,0.039,0.0759375
678.9,32.69,0.675,critical,0.848625,1.0,0.675,0.8375,0.8430625
830.1,18.45,0.811,critical,1.0,0.615,0.811,0.7130000000000001,0.8565
89.2,19.23,0.279,elevated,0.1115,0.641,0.279,0.46,0.28575
70.6,2.55,0.014,safe,0.08825,0.08499999999999999,0.014,0.049499999999999995,0.06887499999999999
730.0,35.43,0.786,critical,0.9125,1.0,0.786,0.893,0.9027499999999999
84.2,1.17,0.066,safe,0.10525000000000001,0.039,0.066,0.052500000000000005,0.078875
329.6,11.62,0.266,elevated,0.41200000000000003,0.3873333333333333,0.266,0.32666666666666666,0.36933333333333335
827.5,34.97,0.475,critical,1.0,1.0,0.475,0.7375,0.86875
100.6,2.25,0.074,safe,0.12575,0.075,0.074,0.0745,0.10012499999999999
376.7,11.63,0.25,elevated,0.470875,0.3876666666666667,0.25,0.31883333333333336,0.3948541666666667
699.7,29.74,0.461,critical,0.8746250000000001,0.9913333333333333,0.461,0.7261666666666666,0.8003958333333334
316.9,8.17,0.386,elevated,0.39612499999999995,0.2723333333333333,0.386,0.32916666666666666,0.36264583333333333
585.0,23.42,0.593,critical,0.73125,0.7806666666666667,0.593,0.6868333333333334,0.7090416666666667
624.1,27.56,0.558,critical,0.7801250000000001,0.9186666666666666,0.558,0.7383333333333333,0.7592291666666666
492.9,33.9,1.042,critical,0.6161249999999999,1.0,1.0,1.0,0.8080624999999999
15.2,2.87,0.081,safe,0.019,0.09566666666666666,0.081,0.08833333333333333,0.05366666666666667
601.7,21.74,0.723,critical,0.752125,0.7246666666666666,0.723,0.7238333333333333,0.7379791666666666
86.1,1.02,0.053,safe,0.107625,0.034,0.053,0.0435,0.0755625
404.2,10.03,0.236,elevated,0.50525,0.3343333333333333,0.236,0.2851666666666667,0.39520833333333333
85.0,1.94,0.032,safe,0.10625,0.06466666666666666,0.032,0.04833333333333333,0.07729166666666666
669.5,25.2,0.592,critical,0.836875,0.84,0.592,0.716,0.7764375
637.1,25.99,0.862,critical,0.796375,0.8663333333333333,0.862,0.8641666666666666,0.8302708333333333
746.5,24.06,0.495,critical,0.933125,0.8019999999999999,0.495,0.6485,0.7908124999999999
240.5,10.93,0.034,elevated,0.300625,0.36433333333333334,0.034,0.19916666666666666,0.24989583333333332
430.0,2.85,0.041,elevated,0.5375,0.095,0.041,0.068,0.30274999999999996
284.5,10.1,0.273,elevated,0.355625,0.33666666666666667,0.273,0.30483333333333335,0.3302291666666667
53.6,1.06,0.035,safe,0.067,0.035333333333333335,0.035,0.035166666666666666,0.051083333333333335
55.3,2.37,0.054,safe,0.06912499999999999,0.079,0.054,0.0665,0.0678125
537.3,27.13,0.787,critical,0.6716249999999999,0.9043333333333333,0.787,0.8456666666666667,0.7586458333333332
525.0,2.53,0.052,elevated,0.65625,0.08433333333333333,0.052,0.06816666666666667,0.36220833333333335
348.0,24.97,0.661,critical,0.435,0.8323333333333333,0.661,0.7466666666666666,0.5908333333333333
676.0,28.35,0.671,critical,0.845,0.9450000000000001,0.671,0.808,0.8265
297.3,10.7,0.311,elevated,0.37162500000000004,0.35666666666666663,0.311,0.3338333333333333,0.35272916666666665
195.6,7.08,0.201,elevated,0.2445,0.23600000000000002,0.201,0.21850000000000003,0.2315
208.6,9.61,0.337,elevated,0.26075,0.3203333333333333,0.337,0.32866666666666666,0.29470833333333335
89.5,1.35,0.067,safe,0.111875,0.045000000000000005,0.067,0.05600000000000001,0.0839375
52.0,2.97,0.065,safe,0.065,0.099,0.065,0.082,0.07350000000000001
926.0,28.45,0.761,critical,1.0,0.9483333333333334,0.761,0.8546666666666667,0.9273333333333333
491.9,23.03,0.722,critical,0.614875,0.7676666666666667,0.722,0.7448333333333333,0.6798541666666666
83.7,1.91,0.051,safe,0.10462500000000001,0.06366666666666666,0.051,0.05733333333333333,0.08097916666666667
542.7,3.48,0.021,elevated,0.6783750000000001,0.116,0.021,0.0685,0.37343750000000003
83.1,1.81,0.064,safe,0.103875,0.060333333333333336,0.064,0.06216666666666667,0.08302083333333334
739.5,28.62,0.428,critical,0.924375,0.9540000000000001,0.428,0.6910000000000001,0.8076875
72.3,3.14,0.074,safe,0.090375,0.10466666666666667,0.074,0.08933333333333333,0.08985416666666667
97.0,2.33,0.073,safe,0.12125,0.07766666666666668,0.073,0.07533333333333334,0.09829166666666667
384.0,8.0,0.235,elevated,0.48,0.26666666666666666,0.235,0.25083333333333335,0.36541666666666667
108.1,1.75,0.023,safe,0.135125,0.058333333333333334,0.023,0.04066666666666667,0.08789583333333334
89.6,2.2,0.062,safe,0.11199999999999999,0.07333333333333333,0.062,0.06766666666666667,0.08983333333333332
101.7,0.6,0.052,safe,0.12712500000000002,0.02,0.052,0.036,0.08156250000000001
313.5,8.84,0.415,elevated,0.391875,0.2946666666666667,0.415,0.35483333333333333,0.37335416666666665
70.5,2.58,0.056,safe,0.088125,0.08600000000000001,0.056,0.07100000000000001,0.07956250000000001
311.9,6.06,0.505,elevated,0.38987499999999997,0.20199999999999999,0.505,0.3535,0.37168749999999995
678.6,27.43,0.613,critical,0.8482500000000001,0.9143333333333333,0.613,0.7636666666666667,0.8059583333333333
472.7,24.23,0.362,critical,0.590875,0.8076666666666666,0.362,0.5848333333333333,0.5878541666666667
584.6,24.93,0.658,critical,0.73075,0.831,0.658,0.7444999999999999,0.737625
742.6,32.41,0.694,critical,0.92825,1.0,0.694,0.847,0.887625
69.9,0.24,0.034,safe,0.08737500000000001,0.008,0.034,0.021,0.054187500000000006
660.9,34.29,0.724,critical,0.826125,1.0,0.724,0.862,0.8440624999999999
303.6,9.48,0.198,elevated,0.3795,0.316,0.198,0.257,0.31825000000000003
114.4,16.0,0.453,elevated,0.14300000000000002,0.5333333333333333,0.453,0.49316666666666664,0.31808333333333333
787.4,27.18,0.68,critical,0.98425,0.906,0.68,0.793,0.888625
753.9,24.5,0.65,critical,0.942375,0.8166666666666667,0.65,0.7333333333333334,0.8378541666666667
81.6,2.75,0.071,safe,0.102,0.09166666666666666,0.071,0.08133333333333333,0.09166666666666666
461.8,25.31,0.807,critical,0.57725,0.8436666666666667,0.807,0.8253333333333334,0.7012916666666666
717.0,19.47,0.762,critical,0.89625,0.6489999999999999,0.762,0.7055,0.800875
696.8,19.28,0.738,critical,0.871,0.6426666666666667,0.738,0.6903333333333334,0.7806666666666666
693.2,33.53,0.59,critical,0.8665,1.0,0.59,0.7949999999999999,0.83075
519.3,3.41,0.077,elevated,0.649125,0.11366666666666667,0.077,0.09533333333333333,0.3722291666666666
666.9,25.13,0.37,critical,0.833625,0.8376666666666667,0.37,0.6038333333333333,0.7187291666666666
680.0,19.42,0.563,critical,0.85,0.6473333333333334,0.563,0.6051666666666666,0.7275833333333332
613.0,25.63,0.665,critical,0.76625,0.8543333333333333,0.665,0.7596666666666667,0.7629583333333334
390.2,4.49,0.264,elevated,0.48774999999999996,0.14966666666666667,0.264,0.20683333333333334,0.34729166666666667
113.4,11.74,0.342,elevated,0.14175000000000001,0.39133333333333337,0.342,0.3666666666666667,0.25420833333333337
414.8,9.25,0.172,elevated,0.5185,0.30833333333333335,0.172,0.24016666666666667,0.3793333333333333
51.4,0.99,0.057,safe,0.06425,0.033,0.057,0.045,0.054625
570.8,22.7,0.505,critical,0.7134999999999999,0.7566666666666666,0.505,0.6308333333333334,0.6721666666666666
272.5,10.01,0.363,elevated,0.340625,0.33366666666666667,0.363,0.34833333333333333,0.34447916666666667
304.7,5.96,0.17,elevated,0.38087499999999996,0.19866666666666666,0.17,0.18433333333333335,0.28260416666666666
81.2,0.47,0.039,safe,0.1015,0.015666666666666666,0.039,0.027333333333333334,0.06441666666666668
650.6,27.77,0.497,critical,0.81325,0.9256666666666666,0.497,0.7113333333333334,0.7622916666666667
80.9,1.93,0.03,safe,0.101125,0.06433333333333333,0.03,0.04716666666666666,0.07414583333333333
563.3,28.7,0.828,critical,0.7041249999999999,0.9566666666666667,0.828,0.8923333333333333,0.7982291666666665
700.9,28.83,0.724,critical,0.8761249999999999,0.961,0.724,0.8425,0.8593124999999999
628.5,24.54,0.955,critical,0.785625,0.818,0.955,0.8865,0.8360624999999999
260.8,9.05,0.141,elevated,0.326,0.3016666666666667,0.141,0.22133333333333333,0.27366666666666667
67.3,11.64,0.46,elevated,0.08412499999999999,0.388,0.46,0.42400000000000004,0.2540625
668.4,29.01,0.471,critical,0.8355,0.9670000000000001,0.471,0.7190000000000001,0.77725
67.0,0.79,0.035,safe,0.08375,0.026333333333333334,0.035,0.03066666666666667,0.05720833333333333
709.4,27.09,0.606,critical,0.8867499999999999,0.903,0.606,0.7545,0.8206249999999999
593.8,15.35,0.565,critical,0.74225,0.5116666666666666,0.565,0.5383333333333333,0.6402916666666667
311.2,10.84,0.3,elevated,0.389,0.36133333333333334,0.3,0.33066666666666666,0.35983333333333334
746.9,24.38,0.482,critical,0.9336249999999999,0.8126666666666666,0.482,0.6473333333333333,0.7904791666666666
379.0,9.92,0.227,elevated,0.47375,0.33066666666666666,0.227,0.2788333333333333,0.3762916666666667
605.0,26.56,0.56,critical,0.75625,0.8853333333333333,0.56,0.7226666666666667,0.7394583333333333
664.3,25.0,0.402,critical,0.830375,0.8333333333333334,0.402,0.6176666666666667,0.7240208333333333
334.2,7.88,0.369,elevated,0.41775,0.26266666666666666,0.369,0.3158333333333333,0.3667916666666666
88.9,2.39,0.039,safe,0.111125,0.07966666666666668,0.039,0.059333333333333335,0.08522916666666666
712.2,34.7,0.964,critical,0.8902500000000001,1.0,0.964,0.982,0.9361250000000001
791.1,31.69,0.591,critical,0.9888750000000001,1.0,0.591,0.7955,0.8921875
745.3,29.04,0.596,critical,0.9316249999999999,0.968,0.596,0.782,0.8568125
111.7,2.63,0.04,safe,0.139625,0.08766666666666666,0.04,0.06383333333333333,0.10172916666666666
272.9,16.96,0.121,elevated,0.34112499999999996,0.5653333333333334,0.121,0.3431666666666667,0.3421458333333333
299.8,7.64,0.284,elevated,0.37475,0.25466666666666665,0.284,0.2693333333333333,0.32204166666666667
70.6,1.24,0.041,safe,0.08825,0.04133333333333333,0.041,0.04116666666666667,0.06470833333333334
599.4,2.51,0.097,elevated,0.74925,0.08366666666666665,0.097,0.09033333333333332,0.4197916666666667
561.8,33.41,0.632,critical,0.7022499999999999,1.0,0.632,0.8160000000000001,0.759125
304.6,5.88,0.219,elevated,0.38075000000000003,0.196,0.219,0.20750000000000002,0.294125
258.5,7.69,0.274,elevated,0.323125,0.25633333333333336,0.274,0.26516666666666666,0.29414583333333333
237.6,7.73,0.231,elevated,0.297,0.25766666666666665,0.231,0.24433333333333335,0.27066666666666667
629.2,16.19,0.359,critical,0.7865000000000001,0.5396666666666667,0.359,0.44933333333333336,0.6179166666666667
77.4,22.17,0.417,elevated,0.09675,0.7390000000000001,0.417,0.5780000000000001,0.33737500000000004
578.2,2.8,0.064,elevated,0.72275,0.09333333333333332,0.064,0.07866666666666666,0.40070833333333333
599.2,23.62,0.67,critical,0.7490000000000001,0.7873333333333333,0.67,0.7286666666666667,0.7388333333333335
551.3,23.85,0.401,critical,0.689125,0.795,0.401,0.5980000000000001,0.6435625
599.1,25.3,0.741,critical,0.7488750000000001,0.8433333333333334,0.741,0.7921666666666667,0.7705208333333333
547.2,33.94,0.64,critical,0.684,1.0,0.64,0.8200000000000001,0.752
600.8,30.09,0.528,critical,0.7509999999999999,1.0,0.528,0.764,0.7575
258.7,12.26,0.239,elevated,0.32337499999999997,0.4086666666666667,0.239,0.3238333333333333,0.32360416666666664
577.7,2.94,0.068,elevated,0.722125,0.098,0.068,0.083,0.4025625
294.1,11.26,0.247,elevated,0.36762500000000004,0.37533333333333335,0.247,0.3111666666666667,0.33939583333333334
70.0,2.15,0.064,safe,0.0875,0.07166666666666667,0.064,0.06783333333333333,0.07766666666666666
90.1,2.53,0.028,safe,0.11262499999999999,0.08433333333333333,0.028,0.05616666666666666,0.08439583333333332
706.1,21.15,0.719,critical,0.882625,0.705,0.719,0.712,0.7973125
93.1,0.8,0.064,safe,0.11637499999999999,0.02666666666666667,0.064,0.04533333333333334,0.08085416666666667
398.0,6.87,0.175,elevated,0.4975,0.229,0.175,0.202,0.34975
55.6,1.85,0.017,safe,0.0695,0.06166666666666667,0.017,0.03933333333333333,0.05441666666666667
282.1,11.99,0.242,elevated,0.352625,0.39966666666666667,0.242,0.3208333333333333,0.33672916666666663
62.2,1.72,0.064,safe,0.07775,0.05733333333333333,0.064,0.06066666666666667,0.06920833333333333
750.1,17.44,0.702,critical,0.937625,0.5813333333333334,0.702,0.6416666666666666,0.7896458333333334
494.6,26.24,0.693,critical,0.6182500000000001,0.8746666666666666,0.693,0.7838333333333333,0.7010416666666667
473.1,21.04,0.66,critical,0.591375,0.7013333333333333,0.66,0.6806666666666666,0.6360208333333333
730.7,23.24,0.644,critical,0.913375,0.7746666666666666,0.644,0.7093333333333334,0.8113541666666667
500.2,3.82,0.024,elevated,0.62525,0.12733333333333333,0.024,0.07566666666666666,0.3504583333333333
639.4,30.36,0.462,critical,0.79925,1.0,0.462,0.731,0.765125
50.7,1.53,0.044,safe,0.063375,0.051000000000000004,0.044,0.0475,0.0554375
201.3,7.45,0.122,elevated,0.251625,0.24833333333333335,0.122,0.18516666666666667,0.21839583333333334
64.1,2.84,0.049,safe,0.08012499999999999,0.09466666666666666,0.049,0.07183333333333333,0.07597916666666665
676.9,36.86,0.567,critical,0.846125,1.0,0.567,0.7835,0.8148124999999999
254.8,7.65,0.191,elevated,0.3185,0.255,0.191,0.223,0.27075
704.6,15.41,0.598,critical,0.88075,0.5136666666666667,0.598,0.5558333333333334,0.7182916666666668
346.3,9.95,0.355,elevated,0.432875,0.33166666666666667,0.355,0.3433333333333333,0.3881041666666667
220.6,17.81,0.104,elevated,0.27575,0.5936666666666667,0.104,0.34883333333333333,0.31229166666666663
86.5,23.17,0.382,elevated,0.108125,0.7723333333333334,0.382,0.5771666666666667,0.34264583333333337
90.3,1.41,0.054,safe,0.112875,0.047,0.054,0.0505,0.0816875
285.2,9.98,0.285,elevated,0.3565,0.33266666666666667,0.285,0.3088333333333333,0.33266666666666667
685.1,20.02,0.727,critical,0.856375,0.6673333333333333,0.727,0.6971666666666667,0.7767708333333334
338.5,9.13,0.415,elevated,0.423125,0.30433333333333334,0.415,0.3596666666666667,0.39139583333333333
630.3,14.33,0.451,critical,0.787875,0.4776666666666667,0.451,0.4643333333333334,0.6261041666666667
462.9,2.48,0.078,elevated,0.578625,0.08266666666666667,0.078,0.08033333333333334,0.32947916666666666
75.3,1.02,0.068,safe,0.094125,0.034,0.068,0.051000000000000004,0.0725625
75.3,1.98,0.058,safe,0.094125,0.066,0.058,0.062,0.0780625
630.5,21.97,0.729,critical,0.788125,0.7323333333333333,0.729,0.7306666666666666,0.7593958333333333
595.1,26.04,0.406,critical,0.7438750000000001,0.868,0.406,0.637,0.6904375
636.1,22.52,0.614,critical,0.7951250000000001,0.7506666666666667,0.614,0.6823333333333333,0.7387291666666667
811.2,25.25,0.432,critical,1.0,0.8416666666666667,0.432,0.6368333333333334,0.8184166666666667
758.6,22.56,0.413,critical,0.94825,0.752,0.413,0.5825,0.765375
234.2,8.41,0.328,elevated,0.29275,0.2803333333333333,0.328,0.3041666666666667,0.2984583333333334
558.1,32.93,0.672,critical,0.697625,1.0,0.672,0.8360000000000001,0.7668125000000001
590.8,33.24,0.485,critical,0.7384999999999999,1.0,0.485,0.7424999999999999,0.7404999999999999
80.1,1.89,0.068,safe,0.10012499999999999,0.063,0.068,0.0655,0.0828125
460.6,36.97,0.506,critical,0.57575,1.0,0.506,0.753,0.6643749999999999
621.4,21.4,0.691,critical,0.7767499999999999,0.7133333333333333,0.691,0.7021666666666666,0.7394583333333333
296.2,10.04,0.266,elevated,0.37024999999999997,0.3346666666666666,0.266,0.30033333333333334,0.33529166666666665
353.7,10.08,0.26,elevated,0.442125,0.336,0.26,0.29800000000000004,0.3700625
425.3,13.56,0.301,elevated,0.531625,0.452,0.301,0.3765,0.45406250000000004
101.1,0.59,0.049,safe,0.126375,0.019666666666666666,0.049,0.034333333333333334,0.08035416666666666
79.7,2.08,0.047,safe,0.099625,0.06933333333333333,0.047,0.058166666666666665,0.07889583333333333
690.7,27.78,0.864,critical,0.863375,0.926,0.864,0.895,0.8791875
87.2,2.93,0.069,safe,0.109,0.09766666666666667,0.069,0.08333333333333334,0.09616666666666668
61.6,3.5,0.071,safe,0.077,0.11666666666666667,0.071,0.09383333333333332,0.08541666666666667
87.5,2.79,0.047,safe,0.109375,0.093,0.047,0.07,0.0896875
505.6,27.06,0.551,critical,0.632,0.9019999999999999,0.551,0.7264999999999999,0.6792499999999999
65.4,2.64,0.023,safe,0.08175,0.08800000000000001,0.023,0.05550000000000001,0.068625
288.2,7.74,0.229,elevated,0.36024999999999996,0.258,0.229,0.2435,0.301875
715.6,20.95,0.555,critical,0.8945000000000001,0.6983333333333334,0.555,0.6266666666666667,0.7605833333333334
205.0,10.58,0.191,elevated,0.25625,0.3526666666666667,0.191,0.27183333333333337,0.2640416666666667
85.6,2.83,0.062,safe,0.107,0.09433333333333334,0.062,0.07816666666666666,0.09258333333333332
280.8,8.17,0.216,elevated,0.35100000000000003,0.2723333333333333,0.216,0.24416666666666664,0.2975833333333333
781.0,19.99,0.646,critical,0.97625,0.6663333333333333,0.646,0.6561666666666667,0.8162083333333333
177.5,17.48,0.016,elevated,0.221875,0.5826666666666667,0.016,0.29933333333333334,0.26060416666666664
263.9,8.31,0.237,elevated,0.329875,0.277,0.237,0.257,0.2934375
355.0,13.6,0.291,elevated,0.44375,0.4533333333333333,0.291,0.37216666666666665,0.4079583333333333
96.3,0.3,0.083,safe,0.120375,0.01,0.083,0.0465,0.0834375
57.9,1.89,0.049,safe,0.072375,0.063,0.049,0.056,0.0641875
328.6,15.14,0.221,elevated,0.41075,0.5046666666666667,0.221,0.36283333333333334,0.38679166666666664
563.4,20.03,0.565,critical,0.7042499999999999,0.6676666666666667,0.565,0.6163333333333334,0.6602916666666667
82.0,3.06,0.039,safe,0.1025,0.10200000000000001,0.039,0.07050000000000001,0.0865
118.6,15.19,0.386,elevated,0.14825,0.5063333333333333,0.386,0.44616666666666666,0.2972083333333333
366.3,11.61,0.291,elevated,0.45787500000000003,0.38699999999999996,0.291,0.33899999999999997,0.3984375
647.4,25.04,0.445,critical,0.80925,0.8346666666666667,0.445,0.6398333333333334,0.7245416666666666
68.9,20.04,0.426,elevated,0.08612500000000001,0.6679999999999999,0.426,0.5469999999999999,0.31656249999999997
96.3,2.69,0.036,safe,0.120375,0.08966666666666666,0.036,0.06283333333333332,0.09160416666666665
573.1,26.38,0.57,critical,0.716375,0.8793333333333333,0.57,0.7246666666666666,0.7205208333333333
45.5,3.31,0.099,safe,0.056875,0.11033333333333334,0.099,0.10466666666666667,0.08077083333333333
117.3,1.89,0.06,safe,0.146625,0.063,0.06,0.0615,0.1040625
94.8,1.18,0.043,safe,0.1185,0.03933333333333333,0.043,0.041166666666666664,0.07983333333333333
343.7,16.04,0.32,elevated,0.429625,0.5346666666666666,0.32,0.42733333333333334,0.42847916666666663
345.6,9.07,0.185,elevated,0.43200000000000005,0.30233333333333334,0.185,0.24366666666666667,0.3378333333333334
78.5,0.92,0.059,safe,0.098125,0.03066666666666667,0.059,0.044833333333333336,0.07147916666666668
714.5,18.57,0.638,critical,0.893125,0.619,0.638,0.6285000000000001,0.7608125
64.5,2.5,0.055,safe,0.080625,0.08333333333333333,0.055,0.06916666666666667,0.07489583333333333
725.4,30.87,0.531,critical,0.90675,1.0,0.531,0.7655000000000001,0.836125
66.5,2.86,0.045,safe,0.083125,0.09533333333333333,0.045,0.07016666666666665,0.07664583333333333
342.5,8.34,0.207,elevated,0.428125,0.27799999999999997,0.207,0.2425,0.3353125
762.6,23.87,0.753,critical,0.95325,0.7956666666666667,0.753,0.7743333333333333,0.8637916666666667
602.8,23.52,0.472,critical,0.7535,0.784,0.472,0.628,0.69075
857.4,21.1,0.738,critical,1.0,0.7033333333333334,0.738,0.7206666666666667,0.8603333333333334
66.1,1.49,0.063,safe,0.08262499999999999,0.049666666666666665,0.063,0.05633333333333333,0.06947916666666666
616.6,23.85,0.745,critical,0.77075,0.795,0.745,0.77,0.770375
98.4,1.84,0.039,safe,0.12300000000000001,0.06133333333333334,0.039,0.050166666666666665,0.08658333333333335
397.0,33.52,0.663,critical,0.49625,1.0,0.663,0.8315,0.663875
129.1,11.74,0.241,elevated,0.161375,0.39133333333333337,0.241,0.3161666666666667,0.23877083333333335
259.7,2.23,0.226,elevated,0.324625,0.07433333333333333,0.226,0.15016666666666667,0.23739583333333333
79.2,11.75,0.352,elevated,0.099,0.39166666666666666,0.352,0.37183333333333335,0.23541666666666666
630.6,27.53,0.7,critical,0.78825,0.9176666666666667,0.7,0.8088333333333333,0.7985416666666667
689.0,15.87,0.69,critical,0.86125,0.529,0.69,0.6094999999999999,0.7353749999999999
82.6,1.65,0.09,safe,0.10325,0.055,0.09,0.0725,0.087875
91.2,3.91,0.04,safe,0.114,0.13033333333333333,0.04,0.08516666666666667,0.09958333333333333
95.7,2.04,0.052,safe,0.11962500000000001,0.068,0.052,0.06,0.0898125
360.6,4.72,0.36,elevated,0.45075000000000004,0.15733333333333333,0.36,0.25866666666666666,0.35470833333333335
845.8,31.05,0.43,critical,1.0,1.0,0.43,0.715,0.8574999999999999
355.5,12.98,0.36,elevated,0.444375,0.4326666666666667,0.36,0.3963333333333333,0.4203541666666667
767.3,29.32,0.55,critical,0.9591249999999999,0.9773333333333334,0.55,0.7636666666666667,0.8613958333333334
206.6,7.99,0.347,elevated,0.25825,0.26633333333333337,0.347,0.30666666666666664,0.2824583333333333
677.7,29.67,0.718,critical,0.847125,0.9890000000000001,0.718,0.8535,0.8503125
356.0,22.08,0.383,critical,0.445,0.736,0.383,0.5595,0.50225
88.1,2.62,0.062,safe,0.11012499999999999,0.08733333333333333,0.062,0.07466666666666666,0.09239583333333332
446.4,11.77,0.183,elevated,0.5579999999999999,0.3923333333333333,0.183,0.2876666666666666,0.4228333333333333
301.6,3.54,0.257,elevated,0.377,0.11800000000000001,0.257,0.1875,0.28225
77.2,1.44,0.032,safe,0.0965,0.048,0.032,0.04,0.06825
470.4,1.87,0.053,elevated,0.588,0.06233333333333334,0.053,0.05766666666666667,0.3228333333333333
112.2,16.18,0.384,elevated,0.14025,0.5393333333333333,0.384,0.46166666666666667,0.3009583333333333
437.5,6.33,0.309,elevated,0.546875,0.211,0.309,0.26,0.4034375
75.6,1.16,0.064,safe,0.09449999999999999,0.03866666666666666,0.064,0.05133333333333333,0.07291666666666666
61.2,1.51,0.044,safe,0.0765,0.050333333333333334,0.044,0.04716666666666666,0.06183333333333333
96.5,2.98,0.03,safe,0.120625,0.09933333333333333,0.03,0.06466666666666666,0.09264583333333333
611.1,18.49,0.433,critical,0.7638750000000001,0.6163333333333333,0.433,0.5246666666666666,0.6442708333333333
262.6,9.03,0.239,elevated,0.32825000000000004,0.301,0.239,0.27,0.29912500000000003
307.2,9.57,0.352,elevated,0.384,0.319,0.352,0.3355,0.35975
267.0,8.27,0.277,elevated,0.33375,0.27566666666666667,0.277,0.2763333333333333,0.30504166666666666
259.4,9.67,0.255,elevated,0.32425,0.3223333333333333,0.255,0.2886666666666666,0.3064583333333333
99.4,2.49,0.073,safe,0.12425000000000001,0.083,0.073,0.078,0.101125
266.2,14.89,0.02,elevated,0.33275,0.49633333333333335,0.02,0.25816666666666666,0.2954583333333333
542.8,18.98,0.403,critical,0.6785,0.6326666666666667,0.403,0.5178333333333334,0.5981666666666667
361.4,8.26,0.23,elevated,0.45175,0.2753333333333333,0.23,0.25266666666666665,0.35220833333333335
235.8,6.33,0.288,elevated,0.29475,0.211,0.288,0.2495,0.272125
762.4,29.08,0.82,critical,0.953,0.9693333333333333,0.82,0.8946666666666666,0.9238333333333333
77.7,0.87,0.063,safe,0.097125,0.029,0.063,0.046,0.0715625
41.7,2.81,0.027,safe,0.052125000000000005,0.09366666666666666,0.027,0.06033333333333333,0.05622916666666666
316.7,13.74,0.24,elevated,0.395875,0.458,0.24,0.349,0.3724375
840.1,27.26,0.492,critical,1.0,0.9086666666666667,0.492,0.7003333333333334,0.8501666666666667
352.6,11.52,0.221,elevated,0.44075000000000003,0.384,0.221,0.3025,0.371625
80.2,1.78,0.035,safe,0.10025,0.059333333333333335,0.035,0.04716666666666667,0.07370833333333333
96.4,2.61,0.049,safe,0.12050000000000001,0.087,0.049,0.068,0.09425
580.5,29.19,0.871,critical,0.725625,0.9730000000000001,0.871,0.922,0.8238125000000001
73.4,20.3,0.329,elevated,0.09175000000000001,0.6766666666666666,0.329,0.5028333333333334,0.2972916666666667
776.6,15.39,0.644,critical,0.97075,0.513,0.644,0.5785,0.774625
713.5,21.65,0.669,critical,0.891875,0.7216666666666666,0.669,0.6953333333333334,0.7936041666666667
322.9,12.23,0.156,elevated,0.40362499999999996,0.4076666666666667,0.156,0.2818333333333333,0.34272916666666664
94.4,11.29,0.342,elevated,0.11800000000000001,0.3763333333333333,0.342,0.35916666666666663,0.23858333333333331
366.5,12.99,0.283,elevated,0.458125,0.433,0.283,0.358,0.4080625
552.6,24.57,0.669,critical,0.69075,0.8190000000000001,0.669,0.744,0.717375
97.3,3.44,0.058,safe,0.121625,0.11466666666666667,0.058,0.08633333333333333,0.10397916666666666
383.1,15.01,0.424,elevated,0.47887500000000005,0.5003333333333333,0.424,0.4621666666666666,0.47052083333333333
618.4,33.69,0.306,critical,0.773,1.0,0.306,0.653,0.7130000000000001
216.6,9.37,0.256,elevated,0.27075,0.3123333333333333,0.256,0.2841666666666667,0.27745833333333336
569.0,16.46,0.542,critical,0.71125,0.5486666666666667,0.542,0.5453333333333334,0.6282916666666667
49.7,2.88,0.017,safe,0.06212500000000001,0.096,0.017,0.0565,0.059312500000000004
587.3,32.16,0.592,critical,0.7341249999999999,1.0,0.592,0.796,0.7650625
620.5,27.93,0.651,critical,0.775625,0.9309999999999999,0.651,0.7909999999999999,0.7833125
270.4,9.37,0.224,elevated,0.33799999999999997,0.3123333333333333,0.224,0.26816666666666666,0.3030833333333333
811.6,22.86,0.858,critical,1.0,0.762,0.858,0.81,0.905
288.6,13.98,0.339,elevated,0.36075,0.466,0.339,0.4025,0.381625
86.6,2.32,0.054,safe,0.10825,0.07733333333333332,0.054,0.06566666666666666,0.08695833333333333
359.8,14.41,0.379,elevated,0.44975000000000004,0.48033333333333333,0.379,0.42966666666666664,0.43970833333333337
150.0,9.58,0.381,elevated,0.1875,0.31933333333333336,0.381,0.3501666666666667,0.26883333333333337
602.4,22.78,0.436,critical,0.753,0.7593333333333334,0.436,0.5976666666666667,0.6753333333333333
647.1,17.02,0.515,critical,0.808875,0.5673333333333334,0.515,0.5411666666666667,0.6750208333333334
122.4,3.17,0.037,safe,0.153,0.10566666666666666,0.037,0.07133333333333333,0.11216666666666666
75.5,2.6,0.059,safe,0.094375,0.08666666666666667,0.059,0.07283333333333333,0.08360416666666667
394.6,12.68,0.101,elevated,0.49325,0.42266666666666663,0.101,0.2618333333333333,0.37754166666666666
277.8,10.55,0.341,elevated,0.34725,0.3516666666666667,0.341,0.3463333333333334,0.3467916666666667
60.5,3.96,0.038,safe,0.075625,0.132,0.038,0.085,0.08031250000000001
84.0,2.24,0.04,safe,0.105,0.07466666666666667,0.04,0.05733333333333333,0.08116666666666666
97.1,3.48,0.054,safe,0.121375,0.116,0.054,0.085,0.1031875
230.5,6.01,0.305,elevated,0.288125,0.20033333333333334,0.305,0.25266666666666665,0.27039583333333334
671.3,43.66,0.572,critical,0.8391249999999999,1.0,0.572,0.786,0.8125625
258.6,11.67,0.244,elevated,0.32325000000000004,0.389,0.244,0.3165,0.319875
297.8,7.97,0.212,elevated,0.37225,0.26566666666666666,0.212,0.23883333333333334,0.3055416666666667
294.0,6.96,0.213,elevated,0.3675,0.232,0.213,0.2225,0.295
763.4,24.51,0.565,critical,0.9542499999999999,0.8170000000000001,0.565,0.6910000000000001,0.8226249999999999
338.7,5.79,0.257,elevated,0.423375,0.193,0.257,0.225,0.3241875
731.1,26.48,0.711,critical,0.913875,0.8826666666666667,0.711,0.7968333333333333,0.8553541666666666
49.0,0.82,0.054,safe,0.06125,0.02733333333333333,0.054,0.04066666666666666,0.05095833333333333
475.1,31.84,0.414,critical,0.593875,1.0,0.414,0.707,0.6504375
773.6,21.71,0.687,critical,0.9670000000000001,0.7236666666666667,0.687,0.7053333333333334,0.8361666666666667
75.3,3.24,0.046,safe,0.094125,0.10800000000000001,0.046,0.07700000000000001,0.08556250000000001
350.4,6.72,0.273,elevated,0.43799999999999994,0.224,0.273,0.2485,0.34324999999999994
86.6,3.88,0.043,safe,0.10825,0.12933333333333333,0.043,0.08616666666666667,0.09720833333333334
332.6,5.56,0.169,elevated,0.41575,0.18533333333333332,0.169,0.17716666666666667,0.2964583333333333
266.7,8.33,0.261,elevated,0.333375,0.2776666666666667,0.261,0.2693333333333333,0.30135416666666665
73.7,1.42,0.071,safe,0.092125,0.04733333333333333,0.071,0.05916666666666666,0.07564583333333333
222.3,9.92,0.17,elevated,0.27787500000000004,0.33066666666666666,0.17,0.25033333333333335,0.2641041666666667
61.8,3.76,0.016,safe,0.07725,0.12533333333333332,0.016,0.07066666666666666,0.07395833333333332
623.1,29.44,0.753,critical,0.778875,0.9813333333333334,0.753,0.8671666666666666,0.8230208333333333
109.3,2.1,0.034,safe,0.136625,0.07,0.034,0.052000000000000005,0.0943125
719.7,35.83,0.686,critical,0.899625,1.0,0.686,0.843,0.8713124999999999
110.8,2.5,0.009,safe,0.13849999999999998,0.08333333333333333,0.009,0.04616666666666666,0.09233333333333332
117.7,0.93,0.024,safe,0.147125,0.031000000000000003,0.024,0.027500000000000004,0.0873125
108.8,2.02,0.046,safe,0.136,0.06733333333333333,0.046,0.056666666666666664,0.09633333333333334
735.1,18.82,0.424,critical,0.918875,0.6273333333333333,0.424,0.5256666666666666,0.7222708333333333
394.4,8.99,0.218,elevated,0.493,0.2996666666666667,0.218,0.25883333333333336,0.3759166666666667
73.1,2.01,0.036,safe,0.091375,0.06699999999999999,0.036,0.05149999999999999,0.07143749999999999
